Country,NUTS3_ID,NUTS_NAME,NUTS1_ID,NUTS2_ID,Growth_Rate
ALB,AL011,Dibër,AL0,AL01,0.033059469731633984
ALB,AL012,Durrës,AL0,AL01,0.030591076969079145
ALB,AL013,Kukës,AL0,AL01,0.5535714840121851
ALB,AL014,Lezhë,AL0,AL01,0.6993071021746787
ALB,AL015,Shkodër,AL0,AL01,0.7756301736691337
ALB,AL021,Elbasan,AL0,AL02,0.37591198965090566
ALB,AL022,Tiranë,AL0,AL02,0.5614508026128749
ALB,AL031,Berat,AL0,AL03,0.8010132053168774
ALB,AL032,Fier,AL0,AL03,0.8250213871279087
ALB,AL033,Gjirokastër,AL0,AL03,0.43675702812620365
ALB,AL034,Korcë,AL0,AL03,0.7565518704324002
ALB,AL035,Vlorë,AL0,AL03,0.35187867566217057
AUT,AT112,Nordburgenland,AT1,AT11,0.48381739337624186
AUT,AT113,Südburgenland,AT1,AT11,0.46476420235599414
AUT,AT111,Mittelburgenland,AT1,AT11,0.8324865843665289
AUT,AT125,Weinviertel,AT1,AT12,0.528129287250792
AUT,AT222,Liezen,AT2,AT22,0.3482944384675053
AUT,AT223,Östliche Obersteiermark,AT2,AT22,0.22788515709999502
AUT,AT224,Oststeiermark,AT2,AT22,0.16963405592916492
AUT,AT225,West- und Südsteiermark,AT2,AT22,0.8969493888925517
AUT,AT126,Wiener Umland/Nordteil,AT1,AT12,0.1533773969980895
AUT,AT127,Wiener Umland/Südteil,AT1,AT12,0.8836924354531822
AUT,AT130,Wien,AT1,AT13,0.010706577537974882
AUT,AT211,Klagenfurt-Villach,AT2,AT21,0.26814765719579237
AUT,AT212,Oberkärnten,AT2,AT21,0.8046948687052334
AUT,AT213,Unterkärnten,AT2,AT21,0.4691183065624296
AUT,AT221,Graz,AT2,AT22,0.9780500968506172
AUT,AT121,Mostviertel-Eisenwurzen,AT1,AT12,0.5555655504615185
AUT,AT122,Niederösterreich-Süd,AT1,AT12,0.5553417153280851
AUT,AT123,Sankt Pölten,AT1,AT12,0.12689393788316294
AUT,AT124,Waldviertel,AT1,AT12,0.350970366534089
AUT,AT334,Tiroler Oberland,AT3,AT33,0.8509227476064386
AUT,AT335,Tiroler Unterland,AT3,AT33,0.7110919011209798
AUT,AT341,Bludenz-Bregenzer Wald,AT3,AT34,0.22774256605843568
AUT,AT342,Rheintal-Bodenseegebiet,AT3,AT34,0.8858570745055493
AUT,AT226,Westliche Obersteiermark,AT2,AT22,0.524078168320164
AUT,AT311,Innviertel,AT3,AT31,0.3105351955578257
AUT,AT312,Linz-Wels,AT3,AT31,0.8361798884643653
AUT,AT313,Mühlviertel,AT3,AT31,0.014427249247344509
AUT,AT314,Steyr-Kirchdorf,AT3,AT31,0.7068656207935443
AUT,AT315,Traunviertel,AT3,AT31,0.28596921284527876
AUT,AT321,Lungau,AT3,AT32,0.9032077826653444
AUT,AT322,Pinzgau-Pongau,AT3,AT32,0.33786178330334515
AUT,AT323,Salzburg und Umgebung,AT3,AT32,0.9983905890137007
AUT,AT331,Außerfern,AT3,AT33,0.6846549951248591
AUT,AT332,Innsbruck,AT3,AT33,0.4683012342018067
AUT,AT333,Osttirol,AT3,AT33,0.9164292131162854
BEL,BE100,Arr. de Bruxelles-Capitale/Arr. Brussel-Hoofdstad,BE1,BE10,0.6399580145921226
BEL,BE211,Arr. Antwerpen,BE2,BE21,0.7747730561390308
BEL,BE234,Arr. Gent,BE2,BE23,0.6410136719365709
BEL,BE235,Arr. Oudenaarde,BE2,BE23,0.5720553444526187
BEL,BE236,Arr. Sint-Niklaas,BE2,BE23,0.15699061627370348
BEL,BE241,Arr. Halle-Vilvoorde,BE2,BE24,0.9549211634326606
BEL,BE32D,Arr. Thuin,BE3,BE32,0.6110267980904703
BEL,BE331,Arr. Huy,BE3,BE33,0.550924104782883
BEL,BE332,Arr. Liège,BE3,BE33,0.29963379621563946
BEL,BE334,Arr. Waremme,BE3,BE33,0.9184026152410892
BEL,BE335,Arr. Verviers — communes francophones,BE3,BE33,0.052887648118406294
BEL,BE336,Bezirk Verviers — Deutschsprachige Gemeinschaft,BE3,BE33,0.03303377255695794
BEL,BE341,Arr. Arlon,BE3,BE34,0.29339352536577
BEL,BE242,Arr. Leuven,BE2,BE24,0.34293572074111345
BEL,BE251,Arr. Brugge,BE2,BE25,0.42547495244156985
BEL,BE252,Arr. Diksmuide,BE2,BE25,0.45274753836145787
BEL,BE253,Arr. Ieper,BE2,BE25,0.8581342191237327
BEL,BE254,Arr. Kortrijk,BE2,BE25,0.5452534957539588
BEL,BE255,Arr. Oostende,BE2,BE25,0.9262495293561551
BEL,BE256,Arr. Roeselare,BE2,BE25,0.07791492533347522
BEL,BE257,Arr. Tielt,BE2,BE25,0.6209521055007647
BEL,BE258,Arr. Veurne,BE2,BE25,0.22951050958660224
BEL,BE310,Arr. Nivelles,BE3,BE31,0.184364488308005
BEL,BE323,Arr. Mons,BE3,BE32,0.5908728440387764
BEL,BE328,Arr. Tournai-Mouscron,BE3,BE32,0.48252199535723506
BEL,BE329,Arr. La Louvière,BE3,BE32,0.4997665702594254
BEL,BE32A,Arr. Ath,BE3,BE32,0.6377581312327792
BEL,BE32B,Arr. Charleroi,BE3,BE32,0.5597729133802736
BEL,BE32C,Arr. Soignies,BE3,BE32,0.6223551394877697
BEL,BE212,Arr. Mechelen,BE2,BE21,0.4598592411293704
BEL,BE213,Arr. Turnhout,BE2,BE21,0.19043089430491333
BEL,BE223,Arr. Tongeren,BE2,BE22,0.4271003415934236
BEL,BE224,Arr. Hasselt,BE2,BE22,0.6356655841760294
BEL,BE225,Arr. Maaseik,BE2,BE22,0.42630003461390653
BEL,BE231,Arr. Aalst,BE2,BE23,0.39638062361454485
BEL,BE232,Arr. Dendermonde,BE2,BE23,0.3988214773806955
BEL,BE233,Arr. Eeklo,BE2,BE23,0.484897910304825
BEL,BE342,Arr. Bastogne,BE3,BE34,0.6098299110566253
BEL,BE343,Arr. Marche-en-Famenne,BE3,BE34,0.7596551830366338
BEL,BE344,Arr. Neufchâteau,BE3,BE34,0.2905625482420685
BEL,BE345,Arr. Virton,BE3,BE34,0.2630000833309011
BEL,BE351,Arr. Dinant,BE3,BE35,0.20224049793704446
BEL,BE352,Arr. Namur,BE3,BE35,0.9352454394354247
BEL,BE353,Arr. Philippeville,BE3,BE35,0.12964440646760933
BGR,BG322,Gabrovo,BG3,BG32,0.6461584942228621
BGR,BG323,Ruse,BG3,BG32,0.9444924231234494
BGR,BG324,Razgrad,BG3,BG32,0.4609217114263142
BGR,BG311,Vidin,BG3,BG31,0.9831177971161071
BGR,BG312,Montana,BG3,BG31,0.7594541794858574
BGR,BG313,Vratsa,BG3,BG31,0.702728786524839
BGR,BG314,Pleven,BG3,BG31,0.12240270104415518
BGR,BG315,Lovech,BG3,BG31,0.2692024155052839
BGR,BG321,Veliko Tarnovo,BG3,BG32,0.006663935488081418
BGR,BG333,Shumen,BG3,BG33,0.11918655782911425
BGR,BG334,Targovishte,BG3,BG33,0.6188545261632669
BGR,BG412,Sofia,BG4,BG41,0.2294365844307127
BGR,BG413,Blagoevgrad,BG4,BG41,0.7140674959262725
BGR,BG414,Pernik,BG4,BG41,0.7078006518270035
BGR,BG341,Burgas,BG3,BG34,0.4429809453033856
BGR,BG342,Sliven,BG3,BG34,0.8665199739826973
BGR,BG343,Yambol,BG3,BG34,0.37815721912326417
BGR,BG344,Stara Zagora,BG3,BG34,0.5620042496012332
BGR,BG411,Sofia (stolitsa),BG4,BG41,0.4368072866448305
BGR,BG325,Silistra,BG3,BG32,0.8774692998438277
BGR,BG331,Varna,BG3,BG33,0.7810915683531007
BGR,BG332,Dobrich,BG3,BG33,0.616385486199671
BGR,BG415,Kyustendil,BG4,BG41,0.13790972056007733
BGR,BG421,Plovdiv,BG4,BG42,0.5484524785919941
BGR,BG422,Haskovo,BG4,BG42,0.9952982875558869
BGR,BG423,Pazardzhik,BG4,BG42,0.37925947023827333
BGR,BG424,Smolyan,BG4,BG42,0.9689463675669405
BGR,BG425,Kardzhali,BG4,BG42,0.3274068917602275
CHE,CH012,Valais / Wallis,CH0,CH01,0.504164542610245
CHE,CH013,Genève,CH0,CH01,0.582981305695095
CHE,CH021,Bern / Berne,CH0,CH02,0.5752005665277973
CHE,CH011,Vaud,CH0,CH01,0.7159085241895313
CHE,CH025,Jura,CH0,CH02,0.5532775224325222
CHE,CH031,Basel-Stadt,CH0,CH03,0.03304998972446793
CHE,CH032,Basel-Landschaft,CH0,CH03,0.4578866074441862
CHE,CH056,Graubünden / Grigioni / Grischun,CH0,CH05,0.9561906500112218
CHE,CH057,Thurgau,CH0,CH05,0.3120929069340602
CHE,CH061,Luzern,CH0,CH06,0.4922337084678168
CHE,CH062,Uri,CH0,CH06,0.8804057707798864
CHE,CH033,Aargau,CH0,CH03,0.4120528007468107
CHE,CH040,Zürich,CH0,CH04,0.47359557276629705
CHE,CH051,Glarus,CH0,CH05,0.029141484445901367
CHE,CH052,Schaffhausen,CH0,CH05,0.4789423271001316
CHE,CH053,Appenzell Ausserrhoden,CH0,CH05,0.10437500722522552
CHE,CH054,Appenzell Innerrhoden,CH0,CH05,0.9719484435896565
CHE,CH055,St. Gallen,CH0,CH05,0.028629535188614885
CHE,CH022,Fribourg / Freiburg,CH0,CH02,0.029941016920313257
CHE,CH023,Solothurn,CH0,CH02,0.34164627716545426
CHE,CH024,Neuchâtel,CH0,CH02,0.7701809064028754
CHE,CH063,Schwyz,CH0,CH06,0.024398770878533593
CHE,CH064,Obwalden,CH0,CH06,0.666540082527384
CHE,CH065,Nidwalden,CH0,CH06,0.40908921331922365
CHE,CH066,Zug,CH0,CH06,0.9987201831086598
CHE,CH070,Ticino,CH0,CH07,0.8149787796033252
CYP,CY000,Kýpros,CY0,CY00,0.22173918950478055
CZE,CZ031,Jihočeský kraj,CZ0,CZ03,0.4576131088649712
CZE,CZ032,Plzeňský kraj,CZ0,CZ03,0.2573189442699694
CZE,CZ010,Hlavní město Praha,CZ0,CZ01,0.163004377440783
CZE,CZ020,Středočeský kraj,CZ0,CZ02,0.9669671516568461
CZE,CZ051,Liberecký kraj,CZ0,CZ05,0.4119205312906886
CZE,CZ064,Jihomoravský kraj,CZ0,CZ06,0.5489364504142819
CZE,CZ071,Olomoucký kraj,CZ0,CZ07,0.4517562926370068
CZE,CZ052,Královéhradecký kraj,CZ0,CZ05,0.5819542778399266
CZE,CZ053,Pardubický kraj,CZ0,CZ05,0.6276748117158444
CZE,CZ063,Kraj Vysočina,CZ0,CZ06,0.18999537984079828
CZE,CZ041,Karlovarský kraj,CZ0,CZ04,0.5593715895630637
CZE,CZ042,Ústecký kraj,CZ0,CZ04,0.8410855910124241
CZE,CZ072,Zlínský kraj,CZ0,CZ07,0.3121452090701836
CZE,CZ080,Moravskoslezský kraj,CZ0,CZ08,0.4013203321041626
DEU,DE11B,Main-Tauber-Kreis,DE1,DE11,0.10578459716902333
DEU,DE11C,Heidenheim,DE1,DE11,0.8245044189772343
DEU,DE11D,Ostalbkreis,DE1,DE11,0.6308093586871483
DEU,DE121,"Baden-Baden, Stadtkreis",DE1,DE12,0.538942214526472
DEU,DE122,"Karlsruhe, Stadtkreis",DE1,DE12,0.7756753231733042
DEU,DE111,"Stuttgart, Stadtkreis",DE1,DE11,0.24187835507998545
DEU,DE112,Böblingen,DE1,DE11,0.1279388999527643
DEU,DE113,Esslingen,DE1,DE11,0.589898829162546
DEU,DE114,Göppingen,DE1,DE11,0.17096574725701397
DEU,DE115,Ludwigsburg,DE1,DE11,0.9457249125003971
DEU,DE116,Rems-Murr-Kreis,DE1,DE11,0.5249035399591165
DEU,DE117,"Heilbronn, Stadtkreis",DE1,DE11,0.13969230744599814
DEU,DE118,"Heilbronn, Landkreis",DE1,DE11,0.3178030322723594
DEU,DE119,Hohenlohekreis,DE1,DE11,0.2945386731790145
DEU,DE11A,Schwäbisch Hall,DE1,DE11,0.3486994418716409
DEU,DE12A,Calw,DE1,DE12,0.11194570874492626
DEU,DE12B,Enzkreis,DE1,DE12,0.022655152380764543
DEU,DE12C,Freudenstadt,DE1,DE12,0.3856518959813553
DEU,DE131,"Freiburg im Breisgau, Stadtkreis",DE1,DE13,0.52138416133196
DEU,DE13A,Waldshut,DE1,DE13,0.9652952727697834
DEU,DE141,Reutlingen,DE1,DE14,0.1223316572670673
DEU,DE142,"Tübingen, Landkreis",DE1,DE14,0.5207255202177882
DEU,DE143,Zollernalbkreis,DE1,DE14,0.0568012904058115
DEU,DE144,"Ulm, Stadtkreis",DE1,DE14,0.34438367331615694
DEU,DE145,Alb-Donau-Kreis,DE1,DE14,0.46580679625448584
DEU,DE132,Breisgau-Hochschwarzwald,DE1,DE13,0.6308239319109915
DEU,DE133,Emmendingen,DE1,DE13,0.7728487908379567
DEU,DE134,Ortenaukreis,DE1,DE13,0.013527848318936497
DEU,DE135,Rottweil,DE1,DE13,0.9756589051809405
DEU,DE136,Schwarzwald-Baar-Kreis,DE1,DE13,0.9287659923219294
DEU,DE137,Tuttlingen,DE1,DE13,0.2639521206101356
DEU,DE138,Konstanz,DE1,DE13,0.3296351487204766
DEU,DE139,Lörrach,DE1,DE13,0.443866204241123
DEU,DE123,"Karlsruhe, Landkreis",DE1,DE12,0.5949132474386999
DEU,DE124,Rastatt,DE1,DE12,0.9916242207235055
DEU,DE125,"Heidelberg, Stadtkreis",DE1,DE12,0.27753925751064157
DEU,DE126,"Mannheim, Stadtkreis",DE1,DE12,0.6743053740253356
DEU,DE127,Neckar-Odenwald-Kreis,DE1,DE12,0.3656239273511268
DEU,DE128,Rhein-Neckar-Kreis,DE1,DE12,0.15527811309693074
DEU,DE129,"Pforzheim, Stadtkreis",DE1,DE12,0.605322067490942
DEU,DE21H,"München, Landkreis",DE2,DE21,0.6155505499843393
DEU,DE21I,Neuburg-Schrobenhausen,DE2,DE21,0.17655126785998787
DEU,DE21J,Pfaffenhofen a. d. Ilm,DE2,DE21,0.5218642349272986
DEU,DE21K,"Rosenheim, Landkreis",DE2,DE21,0.9222916946779665
DEU,DE21L,Starnberg,DE2,DE21,0.4446913620658596
DEU,DE21M,Traunstein,DE2,DE21,0.21047928447819508
DEU,DE146,Biberach,DE1,DE14,0.8858057158764698
DEU,DE147,Bodenseekreis,DE1,DE14,0.139135790432117
DEU,DE148,Ravensburg,DE1,DE14,0.3220036574079487
DEU,DE149,Sigmaringen,DE1,DE14,0.9980118957276867
DEU,DE211,"Ingolstadt, Kreisfreie Stadt",DE2,DE21,0.08110259935978881
DEU,DE212,"München, Kreisfreie Stadt",DE2,DE21,0.2356386700111266
DEU,DE213,"Rosenheim, Kreisfreie Stadt",DE2,DE21,0.8253744476858635
DEU,DE214,Altötting,DE2,DE21,0.3161940517602252
DEU,DE215,Berchtesgadener Land,DE2,DE21,0.30584212183241744
DEU,DE216,Bad Tölz-Wolfratshausen,DE2,DE21,0.5383121290588154
DEU,DE217,Dachau,DE2,DE21,0.9250318127709749
DEU,DE218,Ebersberg,DE2,DE21,0.12915619325030603
DEU,DE219,Eichstätt,DE2,DE21,0.23905267077864079
DEU,DE21A,Erding,DE2,DE21,0.06045686512342041
DEU,DE21B,Freising,DE2,DE21,0.9994306946037472
DEU,DE21C,Fürstenfeldbruck,DE2,DE21,0.07447015662487577
DEU,DE21D,Garmisch-Partenkirchen,DE2,DE21,0.3934952141231509
DEU,DE21E,Landsberg am Lech,DE2,DE21,0.49053669907114816
DEU,DE21F,Miesbach,DE2,DE21,0.459065728968474
DEU,DE21G,Mühldorf a. Inn,DE2,DE21,0.8329579397474826
DEU,DE228,"Passau, Landkreis",DE2,DE22,0.30909308795590174
DEU,DE229,Regen,DE2,DE22,0.7076918711337895
DEU,DE22A,Rottal-Inn,DE2,DE22,0.6187906025583989
DEU,DE238,"Regensburg, Landkreis",DE2,DE23,0.2889155695407497
DEU,DE239,Schwandorf,DE2,DE23,0.2596870063480121
DEU,DE23A,Tirschenreuth,DE2,DE23,0.39548895813674245
DEU,DE241,"Bamberg, Kreisfreie Stadt",DE2,DE24,0.0032577281335878228
DEU,DE242,"Bayreuth, Kreisfreie Stadt",DE2,DE24,0.5099969462460151
DEU,DE243,"Coburg, Kreisfreie Stadt",DE2,DE24,0.7789411395684067
DEU,DE244,"Hof, Kreisfreie Stadt",DE2,DE24,0.2648802340155979
DEU,DE245,"Bamberg, Landkreis",DE2,DE24,0.6162608904817733
DEU,DE22B,Straubing-Bogen,DE2,DE22,0.20380268313712213
DEU,DE22C,Dingolfing-Landau,DE2,DE22,0.364706483262484
DEU,DE231,"Amberg, Kreisfreie Stadt",DE2,DE23,0.10210995633565179
DEU,DE232,"Regensburg, Kreisfreie Stadt",DE2,DE23,0.1466462481939813
DEU,DE233,"Weiden i. d. Opf, Kreisfreie Stadt",DE2,DE23,0.9376503060005466
DEU,DE234,Amberg-Sulzbach,DE2,DE23,0.4243829172576691
DEU,DE235,Cham,DE2,DE23,0.2898514415355907
DEU,DE236,Neumarkt i. d. OPf.,DE2,DE23,0.925442456427343
DEU,DE237,Neustadt a. d. Waldnaab,DE2,DE23,0.5511801186770166
DEU,DE21N,Weilheim-Schongau,DE2,DE21,0.3943917806833752
DEU,DE221,"Landshut, Kreisfreie Stadt",DE2,DE22,0.23674491720918023
DEU,DE222,"Passau, Kreisfreie Stadt",DE2,DE22,0.8268671028724505
DEU,DE223,"Straubing, Kreisfreie Stadt",DE2,DE22,0.2881370243528195
DEU,DE224,Deggendorf,DE2,DE22,0.31520752244039596
DEU,DE225,Freyung-Grafenau,DE2,DE22,0.5366083010606528
DEU,DE226,Kelheim,DE2,DE22,0.9721695306091541
DEU,DE227,"Landshut, Landkreis",DE2,DE22,0.1620507084601549
DEU,DE25C,Weißenburg-Gunzenhausen,DE2,DE25,0.4820658370942482
DEU,DE261,"Aschaffenburg, Kreisfreie Stadt",DE2,DE26,0.8565072136117495
DEU,DE262,"Schweinfurt, Kreisfreie Stadt",DE2,DE26,0.5266111404647785
DEU,DE263,"Würzburg, Kreisfreie Stadt",DE2,DE26,0.8528093290581685
DEU,DE264,"Aschaffenburg, Landkreis",DE2,DE26,0.0315835340659848
DEU,DE265,Bad Kissingen,DE2,DE26,0.3057805961858965
DEU,DE266,Rhön-Grabfeld,DE2,DE26,0.6136118285144347
DEU,DE267,Haßberge,DE2,DE26,0.5221781908037937
DEU,DE246,"Bayreuth, Landkreis",DE2,DE24,0.39566268579461406
DEU,DE247,"Coburg, Landkreis",DE2,DE24,0.4129652068535682
DEU,DE248,Forchheim,DE2,DE24,0.18350170368366026
DEU,DE249,"Hof, Landkreis",DE2,DE24,0.4636977671680871
DEU,DE24A,Kronach,DE2,DE24,0.812228061912383
DEU,DE24B,Kulmbach,DE2,DE24,0.8569546439260236
DEU,DE24C,Lichtenfels,DE2,DE24,0.11576414467605878
DEU,DE24D,Wunsiedel i. Fichtelgebirge,DE2,DE24,0.1366999462727181
DEU,DE251,"Ansbach, Kreisfreie Stadt",DE2,DE25,0.33387239461876217
DEU,DE252,"Erlangen, Kreisfreie Stadt",DE2,DE25,0.38984189346004694
DEU,DE253,"Fürth, Kreisfreie Stadt",DE2,DE25,0.5543224338435667
DEU,DE254,"Nürnberg, Kreisfreie Stadt",DE2,DE25,0.6944599929593299
DEU,DE255,"Schwabach, Kreisfreie Stadt",DE2,DE25,0.6350956347245799
DEU,DE256,"Ansbach, Landkreis",DE2,DE25,0.9906594605257464
DEU,DE257,Erlangen-Höchstadt,DE2,DE25,0.41983937249836767
DEU,DE258,"Fürth, Landkreis",DE2,DE25,0.5551991505561483
DEU,DE259,Nürnberger Land,DE2,DE25,0.44598844786686664
DEU,DE25A,Neustadt a. d. Aisch-Bad Windsheim,DE2,DE25,0.20512155787112207
DEU,DE25B,Roth,DE2,DE25,0.23847146032050492
DEU,DE273,"Kempten (Allgäu), Kreisfreie Stadt",DE2,DE27,0.9968102182843755
DEU,DE274,"Memmingen, Kreisfreie Stadt",DE2,DE27,0.19714337278733018
DEU,DE275,Aichach-Friedberg,DE2,DE27,0.25361614902888496
DEU,DE276,"Augsburg, Landkreis",DE2,DE27,0.0826727073764224
DEU,DE401,"Brandenburg an der Havel, Kreisfreie Stadt",DE4,DE40,0.1304370798551414
DEU,DE402,"Cottbus, Kreisfreie Stadt",DE4,DE40,0.4225133345419234
DEU,DE403,"Frankfurt (Oder), Kreisfreie Stadt",DE4,DE40,0.3255956179389786
DEU,DE404,"Potsdam, Kreisfreie Stadt",DE4,DE40,0.00132874835703789
DEU,DE405,Barnim,DE4,DE40,0.2277410199087312
DEU,DE406,Dahme-Spreewald,DE4,DE40,0.16557160289323314
DEU,DE407,Elbe-Elster,DE4,DE40,0.404856282754822
DEU,DE277,Dillingen a.d. Donau,DE2,DE27,0.12786505210589194
DEU,DE278,Günzburg,DE2,DE27,0.6306316401766818
DEU,DE279,Neu-Ulm,DE2,DE27,0.7807940927374564
DEU,DE27A,Lindau (Bodensee),DE2,DE27,0.06782054134053872
DEU,DE27B,Ostallgäu,DE2,DE27,0.8326414834737801
DEU,DE27C,Unterallgäu,DE2,DE27,0.3587935884821072
DEU,DE27D,Donau-Ries,DE2,DE27,0.4968469154273011
DEU,DE27E,Oberallgäu,DE2,DE27,0.46805642761120814
DEU,DE300,Berlin,DE3,DE30,0.28522958414097777
DEU,DE268,Kitzingen,DE2,DE26,0.02642785580668483
DEU,DE269,Miltenberg,DE2,DE26,0.6540682001982016
DEU,DE26A,Main-Spessart,DE2,DE26,0.37054678985644973
DEU,DE26B,"Schweinfurt, Landkreis",DE2,DE26,0.6973803334229555
DEU,DE26C,"Würzburg, Landkreis",DE2,DE26,0.9658253520957757
DEU,DE271,"Augsburg, Kreisfreie Stadt",DE2,DE27,0.0056750323061520724
DEU,DE272,"Kaufbeuren, Kreisfreie Stadt",DE2,DE27,0.8517294028588188
DEU,DEA1F,Wesel,DEA,DEA1,0.5470437147276933
DEU,DEA22,"Bonn, Kreisfreie Stadt",DEA,DEA2,0.9741256370276893
DEU,DEA23,"Köln, Kreisfreie Stadt",DEA,DEA2,0.8511884137005553
DEU,DEA24,"Leverkusen, Kreisfreie Stadt",DEA,DEA2,0.09769801272744127
DEU,DEA26,Düren,DEA,DEA2,0.6300444120817239
DEU,DEB3E,Germersheim,DEB,DEB3,0.7725241248603306
DEU,DEB3F,"Kaiserslautern, Landkreis",DEB,DEB3,0.12410790494032897
DEU,DEB3G,Kusel,DEB,DEB3,0.9243170175539419
DEU,DEF03,"Lübeck, Kreisfreie Stadt",DEF,DEF0,0.8948282981595307
DEU,DEF04,"Neumünster, Kreisfreie Stadt",DEF,DEF0,0.5011840679208893
DEU,DEF05,Dithmarschen,DEF,DEF0,0.16801191272743377
DEU,DEF06,Herzogtum Lauenburg,DEF,DEF0,0.2644467362931028
DEU,DEA27,Rhein-Erft-Kreis,DEA,DEA2,0.9388161986810246
DEU,DEA28,Euskirchen,DEA,DEA2,0.7028340646473452
DEU,DEA29,Heinsberg,DEA,DEA2,0.5337368315307678
DEU,DEB3H,Südliche Weinstraße,DEB,DEB3,0.06164050737417359
DEU,DEB3I,Rhein-Pfalz-Kreis,DEB,DEB3,0.8886312032751089
DEU,DEB3J,Mainz-Bingen,DEB,DEB3,0.8511788634041788
DEU,DEF07,Nordfriesland,DEF,DEF0,0.11843409497753565
DEU,DEA2A,Oberbergischer Kreis,DEA,DEA2,0.9684641484393341
DEU,DEA2B,Rheinisch-Bergischer Kreis,DEA,DEA2,0.602155282740032
DEU,DEA2C,Rhein-Sieg-Kreis,DEA,DEA2,0.30124339543750356
DEU,DEB3K,Südwestpfalz,DEB,DEB3,0.8527048163280542
DEU,DEC01,Regionalverband Saarbrücken,DEC,DEC0,0.36411591055030257
DEU,DEC02,Merzig-Wadern,DEC,DEC0,0.7502958193381125
DEU,DEC03,Neunkirchen,DEC,DEC0,0.8405781869867537
DEU,DEF08,Ostholstein,DEF,DEF0,0.8725961252156086
DEU,DEF09,Pinneberg,DEF,DEF0,0.4309105811469133
DEU,DEF0A,Plön,DEF,DEF0,0.41833280827339625
DEU,DEA2D,Städteregion Aachen,DEA,DEA2,0.8779775177824449
DEU,DEA31,"Bottrop, Kreisfreie Stadt",DEA,DEA3,0.3699045575183837
DEU,DEA32,"Gelsenkirchen, Kreisfreie Stadt",DEA,DEA3,0.02560072687083481
DEU,DEA33,"Münster, Kreisfreie Stadt",DEA,DEA3,0.36504224935982776
DEU,DEA34,Borken,DEA,DEA3,0.5210109507599777
DEU,DEC04,Saarlouis,DEC,DEC0,0.5879958338523851
DEU,DEC05,Saarpfalz-Kreis,DEC,DEC0,0.0451110998430303
DEU,DEC06,St. Wendel,DEC,DEC0,0.6782300720989954
DEU,DED21,"Dresden, Kreisfreie Stadt",DED,DED2,0.8473110641278064
DEU,DEF0B,Rendsburg-Eckernförde,DEF,DEF0,0.14296548290331068
DEU,DEF0C,Schleswig-Flensburg,DEF,DEF0,0.2844383195107826
DEU,DEA35,Coesfeld,DEA,DEA3,0.3557326820006885
DEU,DEA36,Recklinghausen,DEA,DEA3,0.14530366550209728
DEU,DEA37,Steinfurt,DEA,DEA3,0.41294280806562234
DEU,DEA38,Warendorf,DEA,DEA3,0.3560986838077216
DEU,DED2C,Bautzen,DED,DED2,0.668620114576584
DEU,DED2D,Görlitz,DED,DED2,0.4339801022889803
DEU,DEF0D,Segeberg,DEF,DEF0,0.4974095100987065
DEU,DEF0E,Steinburg,DEF,DEF0,0.6525635442366109
DEU,DEF0F,Stormarn,DEF,DEF0,0.9105266982491553
DEU,DEA41,"Bielefeld, Kreisfreie Stadt",DEA,DEA4,0.32018563447940807
DEU,DEA42,Gütersloh,DEA,DEA4,0.7618302930348686
DEU,DEA43,Herford,DEA,DEA4,0.41236500219080074
DEU,DEA44,Höxter,DEA,DEA4,0.30767085941994143
DEU,DEA45,Lippe,DEA,DEA4,0.4804207169362027
DEU,DED2E,Meißen,DED,DED2,0.5031355659940011
DEU,DED2F,Sächsische Schweiz-Osterzgebirge,DED,DED2,0.5390156148940943
DEU,DED41,"Chemnitz, Kreisfreie Stadt",DED,DED4,0.09924807192970375
DEU,DEG01,"Erfurt, Kreisfreie Stadt",DEG,DEG0,0.859096688189738
DEU,DEG02,"Gera, Kreisfreie Stadt",DEG,DEG0,0.3233237553112023
DEU,DEG03,"Jena, Kreisfreie Stadt",DEG,DEG0,0.5566193229715242
DEU,DEG05,"Weimar, Kreisfreie Stadt",DEG,DEG0,0.0373528070518675
DEU,DEG06,Eichsfeld,DEG,DEG0,0.6768239653677358
DEU,DEG07,Nordhausen,DEG,DEG0,0.5556006684615136
DEU,DEA46,Minden-Lübbecke,DEA,DEA4,0.18070428025501128
DEU,DEA47,Paderborn,DEA,DEA4,0.352472789827584
DEU,DEA51,"Bochum, Kreisfreie Stadt",DEA,DEA5,0.5172228337125165
DEU,DEA52,"Dortmund, Kreisfreie Stadt",DEA,DEA5,0.20039970485747638
DEU,DEA53,"Hagen, Kreisfreie Stadt",DEA,DEA5,0.008431569053243604
DEU,DEA54,"Hamm, Kreisfreie Stadt",DEA,DEA5,0.24093772305876393
DEU,DEA55,"Herne, Kreisfreie Stadt",DEA,DEA5,0.23103738080768255
DEU,DED42,Erzgebirgskreis,DED,DED4,0.9806100062252668
DEU,DED43,Mittelsachsen,DED,DED4,0.3885260631770715
DEU,DEG09,Unstrut-Hainich-Kreis,DEG,DEG0,0.37634185208362103
DEU,DEG0A,Kyffhäuserkreis,DEG,DEG0,0.6884578579319017
DEU,DEG0C,Gotha,DEG,DEG0,0.10048384556487233
DEU,DEA56,Ennepe-Ruhr-Kreis,DEA,DEA5,0.470871049944115
DEU,DEA57,Hochsauerlandkreis,DEA,DEA5,0.3545836233086934
DEU,DEA58,Märkischer Kreis,DEA,DEA5,0.35375927681586217
DEU,DEA59,Olpe,DEA,DEA5,0.1975771876766288
DEU,DED44,Vogtlandkreis,DED,DED4,0.13155627168245942
DEU,DED45,Zwickau,DED,DED4,0.9729882445016353
DEU,DED51,"Leipzig, Kreisfreie Stadt",DED,DED5,0.7039077424396821
DEU,DEG0D,Sömmerda,DEG,DEG0,0.2665553635017439
DEU,DEG0E,Hildburghausen,DEG,DEG0,0.11585588165818916
DEU,DEG0G,Weimarer Land,DEG,DEG0,0.20149415822200611
DEU,DEA5A,Siegen-Wittgenstein,DEA,DEA5,0.33156240702835593
DEU,DEA5B,Soest,DEA,DEA5,0.42257990259867284
DEU,DEA5C,Unna,DEA,DEA5,0.7463953475752982
DEU,DEB11,"Koblenz, Kreisfreie Stadt",DEB,DEB1,0.9995651720186185
DEU,DED52,Leipzig,DED,DED5,0.56559609849578
DEU,DED53,Nordsachsen,DED,DED5,0.913199389727318
DEU,DEG0J,Saale-Holzland-Kreis,DEG,DEG0,0.3193862629364208
DEU,DEG0K,Saale-Orla-Kreis,DEG,DEG0,0.04601247305225009
DEU,DEG0L,Greiz,DEG,DEG0,0.736252987888412
DEU,DEB12,Ahrweiler,DEB,DEB1,0.8742463103259042
DEU,DEB13,Altenkirchen (Westerwald),DEB,DEB1,0.15250268936842393
DEU,DEB14,Bad Kreuznach,DEB,DEB1,0.021115937180281596
DEU,DEE01,"Dessau-Roßlau, Kreisfreie Stadt",DEE,DEE0,0.35354613520118194
DEU,DEE02,"Halle (Saale), Kreisfreie Stadt",DEE,DEE0,0.5822802472018704
DEU,DEE03,"Magdeburg, Kreisfreie Stadt",DEE,DEE0,0.6421046669643339
DEU,DEE04,Altmarkkreis Salzwedel,DEE,DEE0,0.705253042601604
DEU,DEG0M,Altenburger Land,DEG,DEG0,0.4732481354254814
DEU,DEG0Q,Schmalkalden-Meiningen,DEG,DEG0,0.556923352740513
DEU,DEG0R,Wartburgkreis,DEG,DEG0,0.4603771536481709
DEU,DEB15,Birkenfeld,DEB,DEB1,0.7472924404880124
DEU,DEB17,Mayen-Koblenz,DEB,DEB1,0.2880819901809838
DEU,DEB18,Neuwied,DEB,DEB1,0.4926006930010052
DEU,DEE05,Anhalt-Bitterfeld,DEE,DEE0,0.5570452515803773
DEU,DEE06,Jerichower Land,DEE,DEE0,0.01001909305730564
DEU,DEG0S,"Suhl, Kreisfreie Stadt",DEG,DEG0,0.11150034411664611
DEU,DEG0T,Ilm-Kreis,DEG,DEG0,0.9271115297171494
DEU,DEG0U,Saalfeld-Rudolstadt,DEG,DEG0,0.9951326479179826
DEU,DEG0V,Sonneberg,DEG,DEG0,0.2839269544048376
DEU,DEB1A,Rhein-Lahn-Kreis,DEB,DEB1,0.22410067445397652
DEU,DEB1B,Westerwaldkreis,DEB,DEB1,0.33084010692201593
DEU,DEB1C,Cochem-Zell,DEB,DEB1,0.022066751874874058
DEU,DEE07,Börde,DEE,DEE0,0.21146856509837508
DEU,DEE08,Burgenlandkreis,DEE,DEE0,0.49983954013000176
DEU,DEB1D,Rhein-Hunsrück-Kreis,DEB,DEB1,0.41092948653893113
DEU,DEB21,"Trier, Kreisfreie Stadt",DEB,DEB2,0.9834471070306303
DEU,DEB22,Bernkastel-Wittlich,DEB,DEB2,0.4990309819398123
DEU,DEE09,Harz,DEE,DEE0,0.8980425066904184
DEU,DEE0A,Mansfeld-Südharz,DEE,DEE0,0.042868651118915135
DEU,DEB23,Eifelkreis Bitburg-Prüm,DEB,DEB2,0.9726314563753291
DEU,DEB24,Vulkaneifel,DEB,DEB2,0.041825992132902834
DEU,DEE0B,Saalekreis,DEE,DEE0,0.35510132186842236
DEU,DEE0C,Salzlandkreis,DEE,DEE0,0.264375852308785
DEU,DE94H,Wittmund,DE9,DE94,0.63097038035856
DEU,DEA11,"Düsseldorf, Kreisfreie Stadt",DEA,DEA1,0.34219131090411314
DEU,DEA12,"Duisburg, Kreisfreie Stadt",DEA,DEA1,0.13628489267864163
DEU,DEA13,"Essen, Kreisfreie Stadt",DEA,DEA1,0.5699103643851394
DEU,DEA14,"Krefeld, Kreisfreie Stadt",DEA,DEA1,0.9818201143472022
DEU,DEA15,"Mönchengladbach, Kreisfreie Stadt",DEA,DEA1,0.7117263506991289
DEU,DEA16,"Mülheim an der Ruhr, Kreisfreie Stadt",DEA,DEA1,0.7423445394581344
DEU,DEA17,"Oberhausen, Kreisfreie Stadt",DEA,DEA1,0.3731708780226355
DEU,DEA18,"Remscheid, Kreisfreie Stadt",DEA,DEA1,0.7124257740533365
DEU,DEA19,"Solingen, Kreisfreie Stadt",DEA,DEA1,0.2700452490851927
DEU,DEB25,Trier-Saarburg,DEB,DEB2,0.8563178407633201
DEU,DEB31,"Frankenthal (Pfalz), Kreisfreie Stadt",DEB,DEB3,0.2003382879704747
DEU,DEB32,"Kaiserslautern, Kreisfreie Stadt",DEB,DEB3,0.677367999124439
DEU,DEB33,"Landau in der Pfalz, Kreisfreie Stadt",DEB,DEB3,0.38017496671187156
DEU,DEB34,"Ludwigshafen am Rhein, Kreisfreie Stadt",DEB,DEB3,0.05178202724595671
DEU,DEB35,"Mainz, Kreisfreie Stadt",DEB,DEB3,0.7931129749844555
DEU,DEB36,"Neustadt an der Weinstraße, Kreisfreie Stadt",DEB,DEB3,0.6375017545981634
DEU,DEB37,"Pirmasens, Kreisfreie Stadt",DEB,DEB3,0.24961927904985504
DEU,DEE0D,Stendal,DEE,DEE0,0.5918828777343651
DEU,DEE0E,Wittenberg,DEE,DEE0,0.5179009642961971
DEU,DEF01,"Flensburg, Kreisfreie Stadt",DEF,DEF0,0.3436996343160281
DEU,DEF02,"Kiel, Kreisfreie Stadt",DEF,DEF0,0.9207806451254835
DEU,DEA1A,"Wuppertal, Kreisfreie Stadt",DEA,DEA1,0.950227282512931
DEU,DEA1B,Kleve,DEA,DEA1,0.3075761281020235
DEU,DEA1C,Mettmann,DEA,DEA1,0.21342701286260812
DEU,DEA1D,Rhein-Kreis Neuss,DEA,DEA1,0.2026549478491676
DEU,DEA1E,Viersen,DEA,DEA1,0.4736518655109807
DEU,DEB38,"Speyer, Kreisfreie Stadt",DEB,DEB3,0.05873022493743174
DEU,DEB39,"Worms, Kreisfreie Stadt",DEB,DEB3,0.9560734184849113
DEU,DEB3A,"Zweibrücken, Kreisfreie Stadt",DEB,DEB3,0.3560301317735681
DEU,DEB3B,Alzey-Worms,DEB,DEB3,0.6635729065101585
DEU,DEB3C,Bad Dürkheim,DEB,DEB3,0.1541547888998469
DEU,DEB3D,Donnersbergkreis,DEB,DEB3,0.23923334418581943
DEU,DE91C,Göttingen,DE9,DE91,0.7773717094363166
DEU,DE922,Diepholz,DE9,DE92,0.6318359737499579
DEU,DE932,Cuxhaven,DE9,DE93,0.21081236980025952
DEU,DE933,Harburg,DE9,DE93,0.9345592130055798
DEU,DE934,Lüchow-Dannenberg,DE9,DE93,0.47800978050252885
DEU,DE40I,Uckermark,DE4,DE40,0.343074931629051
DEU,DE501,"Bremen, Kreisfreie Stadt",DE5,DE50,0.4621635035993492
DEU,DE502,"Bremerhaven, Kreisfreie Stadt",DE5,DE50,0.2757234971895124
DEU,DE600,Hamburg,DE6,DE60,0.251659561354707
DEU,DE711,"Darmstadt, Kreisfreie Stadt",DE7,DE71,0.6778546046939454
DEU,DE935,"Lüneburg, Landkreis",DE9,DE93,0.9480142381434365
DEU,DE936,Osterholz,DE9,DE93,0.3567336257259791
DEU,DE937,Rotenburg (Wümme),DE9,DE93,0.8058123044329001
DEU,DE712,"Frankfurt am Main, Kreisfreie Stadt",DE7,DE71,0.36506793357743295
DEU,DE713,"Offenbach am Main, Kreisfreie Stadt",DE7,DE71,0.8716184397193542
DEU,DE714,"Wiesbaden, Kreisfreie Stadt",DE7,DE71,0.7777478994093865
DEU,DE715,Bergstraße,DE7,DE71,0.6616932841383266
DEU,DE716,Darmstadt-Dieburg,DE7,DE71,0.7238016053274884
DEU,DE717,Groß-Gerau,DE7,DE71,0.24303875573147204
DEU,DE938,Heidekreis,DE9,DE93,0.03661279227574865
DEU,DE939,Stade,DE9,DE93,0.7324817422486439
DEU,DE718,Hochtaunuskreis,DE7,DE71,0.6261214538506167
DEU,DE719,Main-Kinzig-Kreis,DE7,DE71,0.4025943978406685
DEU,DE71A,Main-Taunus-Kreis,DE7,DE71,0.46348293869179513
DEU,DE71B,Odenwaldkreis,DE7,DE71,0.4035613939840652
DEU,DE93A,Uelzen,DE9,DE93,0.6980496748496684
DEU,DE93B,Verden,DE9,DE93,0.10274489562419031
DEU,DE941,"Delmenhorst, Kreisfreie Stadt",DE9,DE94,0.6987025085698939
DEU,DE942,"Emden, Kreisfreie Stadt",DE9,DE94,0.06785529577011651
DEU,DE943,"Oldenburg (Oldenburg), Kreisfreie Stadt",DE9,DE94,0.19594033779803577
DEU,DE944,"Osnabrück, Kreisfreie Stadt",DE9,DE94,0.46240259264094274
DEU,DE945,"Wilhelmshaven, Kreisfreie Stadt",DE9,DE94,0.49537995602052165
DEU,DE71C,"Offenbach, Landkreis",DE7,DE71,0.9843138374947732
DEU,DE71D,Rheingau-Taunus-Kreis,DE7,DE71,0.18386443776630268
DEU,DE71E,Wetteraukreis,DE7,DE71,0.834003087495887
DEU,DE721,"Gießen, Landkreis",DE7,DE72,0.9904278897440756
DEU,DE946,Ammerland,DE9,DE94,0.21033932829021762
DEU,DE947,Aurich,DE9,DE94,0.4220956735902651
DEU,DE948,Cloppenburg,DE9,DE94,0.19981915772114656
DEU,DE722,Lahn-Dill-Kreis,DE7,DE72,0.3925860607997822
DEU,DE723,Limburg-Weilburg,DE7,DE72,0.7797081932108942
DEU,DE724,Marburg-Biedenkopf,DE7,DE72,0.5820458654758489
DEU,DE949,Emsland,DE9,DE94,0.934400753360652
DEU,DE94A,Friesland (DE),DE9,DE94,0.0376896234466525
DEU,DE94B,Grafschaft Bentheim,DE9,DE94,0.7138440342587403
DEU,DE94C,Leer,DE9,DE94,0.6378981948471706
DEU,DE725,Vogelsbergkreis,DE7,DE72,0.7619856571781111
DEU,DE731,"Kassel, Kreisfreie Stadt",DE7,DE73,0.5984716475260577
DEU,DE732,Fulda,DE7,DE73,0.5918733633247926
DEU,DE733,Hersfeld-Rotenburg,DE7,DE73,0.37140402721291255
DEU,DE94D,"Oldenburg, Landkreis",DE9,DE94,0.54197287246353
DEU,DE94E,"Osnabrück, Landkreis",DE9,DE94,0.6234973225588044
DEU,DE94F,Vechta,DE9,DE94,0.4354414908695132
DEU,DE94G,Wesermarsch,DE9,DE94,0.8655757847918697
DEU,DE734,"Kassel, Landkreis",DE7,DE73,0.6838357792831616
DEU,DE735,Schwalm-Eder-Kreis,DE7,DE73,0.8454789370789713
DEU,DE736,Waldeck-Frankenberg,DE7,DE73,0.4397852926214122
DEU,DE737,Werra-Meißner-Kreis,DE7,DE73,0.457544940455646
DEU,DE803,"Rostock, Kreisfreie Stadt",DE8,DE80,0.6062133716790282
DEU,DE804,"Schwerin, Kreisfreie Stadt",DE8,DE80,0.010013213414927224
DEU,DE80J,Mecklenburgische Seenplatte,DE8,DE80,0.4023137551005198
DEU,DE80K,Landkreis Rostock,DE8,DE80,0.8147561307611929
DEU,DE408,Havelland,DE4,DE40,0.2742019095149272
DEU,DE409,Märkisch-Oderland,DE4,DE40,0.3065323369178007
DEU,DE80L,Vorpommern-Rügen,DE8,DE80,0.3400635882731623
DEU,DE80M,Nordwestmecklenburg,DE8,DE80,0.195435936562397
DEU,DE40A,Oberhavel,DE4,DE40,0.7308478839464878
DEU,DE40B,Oberspreewald-Lausitz,DE4,DE40,0.8943289031121641
DEU,DE80N,Vorpommern-Greifswald,DE8,DE80,0.56315629977436
DEU,DE923,Hameln-Pyrmont,DE9,DE92,0.9005856079174184
DEU,DE925,Hildesheim,DE9,DE92,0.8422156479854381
DEU,DE926,Holzminden,DE9,DE92,0.6624789459242617
DEU,DE40C,Oder-Spree,DE4,DE40,0.7390726839441601
DEU,DE40D,Ostprignitz-Ruppin,DE4,DE40,0.2920673141856067
DEU,DE80O,Ludwigslust-Parchim,DE8,DE80,0.07737382971216189
DEU,DE911,"Braunschweig, Kreisfreie Stadt",DE9,DE91,0.7077330317160115
DEU,DE912,"Salzgitter, Kreisfreie Stadt",DE9,DE91,0.2544418502561837
DEU,DE913,"Wolfsburg, Kreisfreie Stadt",DE9,DE91,0.02246255284723553
DEU,DE927,Nienburg (Weser),DE9,DE92,0.8126378350304371
DEU,DE928,Schaumburg,DE9,DE92,0.445971173489378
DEU,DE40E,Potsdam-Mittelmark,DE4,DE40,0.8512035649731073
DEU,DE40F,Prignitz,DE4,DE40,0.6548190075690457
DEU,DE914,Gifhorn,DE9,DE91,0.3719611482601345
DEU,DE916,Goslar,DE9,DE91,0.4526287825917671
DEU,DE917,Helmstedt,DE9,DE91,0.8605719699935153
DEU,DE929,Region Hannover,DE9,DE92,0.9509785010120102
DEU,DE931,Celle,DE9,DE93,0.05214242464291541
DEU,DE40G,Spree-Neiße,DE4,DE40,0.413066785687633
DEU,DE40H,Teltow-Fläming,DE4,DE40,0.9521199230957125
DEU,DE918,Northeim,DE9,DE91,0.8617003415923464
DEU,DE91A,Peine,DE9,DE91,0.7739872738481248
DEU,DE91B,Wolfenbüttel,DE9,DE91,0.21638500471201216
DNK,DK032,Sydjylland,DK0,DK03,0.40938378972670497
DNK,DK041,Vestjylland,DK0,DK04,0.8333634043516821
DNK,DK042,Østjylland,DK0,DK04,0.059140479269281565
DNK,DK050,Nordjylland,DK0,DK05,0.6320490254767571
DNK,DK011,Byen København,DK0,DK01,0.6958884758184695
DNK,DK012,Københavns omegn,DK0,DK01,0.4566791827214107
DNK,DK013,Nordsjælland,DK0,DK01,0.3381194851226036
DNK,DK014,Bornholm,DK0,DK01,0.4841301193238886
DNK,DK021,Østsjælland,DK0,DK02,0.37435823457104533
DNK,DK022,Vest- og Sydsjælland,DK0,DK02,0.7208091710337996
DNK,DK031,Fyn,DK0,DK03,0.9226808182926187
ESP,ES113,Ourense,ES1,ES11,0.8925389437136941
ESP,ES111,A Coruña,ES1,ES11,0.11097044488089336
ESP,ES112,Lugo,ES1,ES11,0.85195387164283
ESP,ES419,Zamora,ES4,ES41,0.11054283969942924
ESP,ES424,Guadalajara,ES4,ES42,0.6815940321758814
ESP,ES220,Navarra,ES2,ES22,0.5615850879021836
ESP,ES425,Toledo,ES4,ES42,0.5920285032951899
ESP,ES613,Córdoba,ES6,ES61,0.29512801388068965
ESP,ES230,La Rioja,ES2,ES23,0.9373743883877824
ESP,ES431,Badajoz,ES4,ES43,0.7613029810011219
ESP,ES614,Granada,ES6,ES61,0.5487356237607164
ESP,ES241,Huesca,ES2,ES24,0.2328489786339364
ESP,ES432,Cáceres,ES4,ES43,0.09221239837827877
ESP,ES615,Huelva,ES6,ES61,0.9895815032015426
ESP,ES242,Teruel,ES2,ES24,0.23132600018779814
ESP,ES511,Barcelona,ES5,ES51,0.8232465432099596
ESP,ES616,Jaén,ES6,ES61,0.7404231052800563
ESP,ES512,Girona,ES5,ES51,0.6031910332122266
ESP,ES617,Málaga,ES6,ES61,0.5761594635896425
ESP,ES243,Zaragoza,ES2,ES24,0.902989468255648
ESP,ES513,Lleida,ES5,ES51,0.8309024571555081
ESP,ES618,Sevilla,ES6,ES61,0.08381481114416123
ESP,ES300,Madrid,ES3,ES30,0.18642829986702525
ESP,ES514,Tarragona,ES5,ES51,0.047315590574566024
ESP,ES620,Murcia,ES6,ES62,0.819283613753502
ESP,ES630,Ceuta,ES6,ES63,0.20291429367207292
ESP,ES640,Melilla,ES6,ES64,0.8892175965110503
ESP,ES411,Ávila,ES4,ES41,0.5004667514087038
ESP,ES521,Alicante/Alacant,ES5,ES52,0.31302996545578543
ESP,ES522,Castellón/Castelló,ES5,ES52,0.46499667818841495
ESP,ES523,Valencia/València,ES5,ES52,0.8214104315563348
ESP,ES412,Burgos,ES4,ES41,0.3700074016772088
ESP,ES531,Eivissa y Formentera,ES5,ES53,0.8653787369563811
ESP,ES532,Mallorca,ES5,ES53,0.7507355411539534
ESP,ES413,León,ES4,ES41,0.9658409915172381
ESP,ES533,Menorca,ES5,ES53,0.8232819146176523
ESP,ES611,Almería,ES6,ES61,0.5971338510990847
ESP,ES114,Pontevedra,ES1,ES11,0.5554412211372054
ESP,ES414,Palencia,ES4,ES41,0.8479066322093859
ESP,ES612,Cádiz,ES6,ES61,0.34654118211497964
ESP,ES120,Asturias,ES1,ES12,0.5868639890542537
ESP,ES415,Salamanca,ES4,ES41,0.08296602599933589
ESP,ES421,Albacete,ES4,ES42,0.9545443103677993
ESP,ES130,Cantabria,ES1,ES13,0.7122218097984475
ESP,ES416,Segovia,ES4,ES41,0.5796262555916123
ESP,ES422,Ciudad Real,ES4,ES42,0.7309102500288389
ESP,ES211,Araba/Álava,ES2,ES21,0.258526717605686
ESP,ES417,Soria,ES4,ES41,0.5716044288368737
ESP,ES423,Cuenca,ES4,ES42,0.1393865697418144
ESP,ES212,Gipuzkoa,ES2,ES21,0.5624891064070782
ESP,ES213,Bizkaia,ES2,ES21,0.08545859230277686
ESP,ES418,Valladolid,ES4,ES41,0.7460389606453246
EST,EE001,Põhja-Eesti,EE0,EE00,0.9824278469955043
EST,EE004,Lääne-Eesti,EE0,EE00,0.44885494249505653
EST,EE008,Lõuna-Eesti,EE0,EE00,0.23994442494135215
EST,EE009,Kesk-Eesti,EE0,EE00,0.6172910745335619
EST,EE00A,Kirde-Eesti,EE0,EE00,0.6893751247697438
FIN,FI1DA,Etelä-Savo,FI1,FI1D,0.25562408633392886
FIN,FI1DB,Pohjois-Savo,FI1,FI1D,0.6125007343377705
FIN,FI1DC,Pohjois-Karjala,FI1,FI1D,0.1126745191657127
FIN,FI1C2,Kanta-Häme,FI1,FI1C,0.9374282156786977
FIN,FI1C5,Etelä-Karjala,FI1,FI1C,0.7086568420431771
FIN,FI1C6,Päijät-Häme,FI1,FI1C,0.7070021221298476
FIN,FI1C7,Kymenlaakso,FI1,FI1C,0.48364516525179013
FIN,FI1D5,Keski-Pohjanmaa,FI1,FI1D,0.8162449578425384
FIN,FI200,Åland,FI2,FI20,0.2196829225959428
FIN,FI1D7,Lappi,FI1,FI1D,0.07090088824583174
FIN,FI1D8,Kainuu,FI1,FI1D,0.022876908883228908
FIN,FI1D9,Pohjois-Pohjanmaa,FI1,FI1D,0.6981421727652956
FIN,FI19A,Pohjanmaa,FI1,FI19,0.7748218525945341
FIN,FI19B,Pirkanmaa,FI1,FI19,0.25125604462477724
FIN,FI1B1,Helsinki-Uusimaa,FI1,FI1B,0.17553699345235607
FIN,FI1C1,Varsinais-Suomi,FI1,FI1C,0.950875114050639
FIN,FI196,Satakunta,FI1,FI19,0.5738915997978689
FIN,FI198,Keski-Suomi,FI1,FI19,0.29637416794088134
FIN,FI199,Etelä-Pohjanmaa,FI1,FI19,0.5033699397647272
FRA,FRD13,Orne,FRD,FRD1,0.6086093151718116
FRA,FRB02,Eure-et-Loir,FRB,FRB0,0.9417885414255877
FRA,FRD21,Eure,FRD,FRD2,0.6728070628299124
FRA,FRB03,Indre,FRB,FRB0,0.8636086385730974
FRA,FRD22,Seine-Maritime,FRD,FRD2,0.7657292284013344
FRA,FRB04,Indre-et-Loire,FRB,FRB0,0.8431205903932051
FRA,FRF12,Haut-Rhin,FRF,FRF1,0.3859472589007926
FRA,FRB05,Loir-et-Cher,FRB,FRB0,0.6453511331960632
FRA,FRF21,Ardennes,FRF,FRF2,0.9434070191639999
FRA,FRB06,Loiret,FRB,FRB0,0.6922924346784525
FRA,FRF23,Marne,FRF,FRF2,0.5105994657794537
FRA,FRF22,Aube,FRF,FRF2,0.48679618505454714
FRA,FRC11,Côte-d’Or,FRC,FRC1,0.8056280206110895
FRA,FRC12,Nièvre,FRC,FRC1,0.8081927499144893
FRA,FRE11,Nord,FRE,FRE1,0.36611734845737354
FRA,FRC13,Saône-et-Loire,FRC,FRC1,0.8225570046763055
FRA,FRC14,Yonne,FRC,FRC1,0.4476971379113375
FRA,FRE12,Pas-de-Calais,FRE,FRE1,0.4598385343662127
FRA,FRC21,Doubs,FRC,FRC2,0.19972732000874371
FRA,FRE21,Aisne,FRE,FRE2,0.592632213802585
FRA,FR101,Paris,FR1,FR10,0.9353537713053012
FRA,FRC22,Jura,FRC,FRC2,0.13247311558529484
FRA,FRE22,Oise,FRE,FRE2,0.951802953862505
FRA,FR102,Seine-et-Marne ,FR1,FR10,0.19174065527727036
FRA,FRC23,Haute-Saône,FRC,FRC2,0.128582934174302
FRA,FRE23,Somme,FRE,FRE2,0.8431203710152423
FRA,FR103,Yvelines ,FR1,FR10,0.06658650328527549
FRA,FR104,Essonne,FR1,FR10,0.5063484960649532
FRA,FRC24,Territoire de Belfort,FRC,FRC2,0.7341372501932626
FRA,FRF11,Bas-Rhin,FRF,FRF1,0.3697983234632306
FRA,FR105,Hauts-de-Seine ,FR1,FR10,0.7074690945574965
FRA,FR106,Seine-Saint-Denis ,FR1,FR10,0.16426639965244838
FRA,FR107,Val-de-Marne,FR1,FR10,0.6069174389848315
FRA,FR108,Val-d’Oise,FR1,FR10,0.8819679360518649
FRA,FRD11,Calvados ,FRD,FRD1,0.9214823951859297
FRA,FRB01,Cher,FRB,FRB0,0.5912238438992025
FRA,FRD12,Manche ,FRD,FRD1,0.09402628522219392
FRA,FRL02,Hautes-Alpes ,FRL,FRL0,0.8777462127683472
FRA,FRJ27,Tarn,FRJ,FRJ2,0.6787562068694072
FRA,FRL03,Alpes-Maritimes,FRL,FRL0,0.6383010337382203
FRA,FRH01,Côtes-d’Armor,FRH,FRH0,0.8509593294747972
FRA,FRI32,Charente-Maritime,FRI,FRI3,0.7686869429101905
FRA,FRJ28,Tarn-et-Garonne,FRJ,FRJ2,0.12031819529679377
FRA,FRL04,Bouches-du-Rhône,FRL,FRL0,0.3616933076155735
FRA,FRI33,Deux-Sèvres,FRI,FRI3,0.9562595383902932
FRA,FRK11,Allier,FRK,FRK1,0.7325898117488057
FRA,FRH02,Finistère,FRH,FRH0,0.6537364755198746
FRA,FRI34,Vienne,FRI,FRI3,0.8212124045937642
FRA,FRK12,Cantal,FRK,FRK1,0.5903234999329673
FRA,FRH03,Ille-et-Vilaine,FRH,FRH0,0.0593253406880756
FRA,FRJ11,Aude,FRJ,FRJ1,0.9470251616266239
FRA,FRK13,Haute-Loire,FRK,FRK1,0.8641875132065668
FRA,FRJ12,Gard,FRJ,FRJ1,0.3618903160969369
FRA,FRK14,Puy-de-Dôme,FRK,FRK1,0.14965072943030633
FRA,FRH04,Morbihan,FRH,FRH0,0.9940931022936998
FRA,FRJ13,Hérault,FRJ,FRJ1,0.16285687411695127
FRA,FRK21,Ain,FRK,FRK2,0.9702278525961374
FRA,FRL05,Var,FRL,FRL0,0.6093580771198683
FRA,FRI11,Dordogne,FRI,FRI1,0.1920349356584794
FRA,FRJ14,Lozère,FRJ,FRJ1,0.7350927691170395
FRA,FRK22,Ardèche,FRK,FRK2,0.6675687547835223
FRA,FRL06,Vaucluse,FRL,FRL0,0.6919878115762054
FRA,FRI12,Gironde,FRI,FRI1,0.5022197952019049
FRA,FRJ15,Pyrénées-Orientales,FRJ,FRJ1,0.8053594831026616
FRA,FRK23,Drôme,FRK,FRK2,0.6362871754250429
FRA,FRM01,Corse-du-Sud,FRM,FRM0,0.24598594496125759
FRA,FRI13,Landes,FRI,FRI1,0.07024928438867206
FRA,FRJ21,Ariège,FRJ,FRJ2,0.6221693712900258
FRA,FRK24,Isère,FRK,FRK2,0.44155245158113576
FRA,FRM02,Haute-Corse,FRM,FRM0,0.07691059281020929
FRA,FRI14,Lot-et-Garonne,FRI,FRI1,0.6614751325217708
FRA,FRJ22,Aveyron,FRJ,FRJ2,0.14275319747609083
FRA,FRK25,Loire,FRK,FRK2,0.9636938548401646
FRA,FRI15,Pyrénées-Atlantiques,FRI,FRI1,0.1478419694962686
FRA,FRK26,Rhône,FRK,FRK2,0.04994098914721812
FRA,FRI21,Corrèze,FRI,FRI2,0.5553225383775232
FRA,FRJ23,Haute-Garonne,FRJ,FRJ2,0.30329840290164667
FRA,FRJ24,Gers,FRJ,FRJ2,0.523175320099781
FRA,FRK27,Savoie,FRK,FRK2,0.8280521695714462
FRA,FRI22,Creuse,FRI,FRI2,0.0004451245678206428
FRA,FRJ25,Lot,FRJ,FRJ2,0.8783785873903981
FRA,FRK28,Haute-Savoie,FRK,FRK2,0.5798544848773844
FRA,FRG04,Sarthe,FRG,FRG0,0.6239658014717603
FRA,FRI23,Haute-Vienne,FRI,FRI2,0.40006605540505047
FRA,FRJ26,Hautes-Pyrénées ,FRJ,FRJ2,0.1787791798379157
FRA,FRL01,Alpes-de-Haute-Provence,FRL,FRL0,0.24684610579414046
FRA,FRG05,Vendée,FRG,FRG0,0.8392578186941985
FRA,FRI31,Charente,FRI,FRI3,0.6314022530072217
FRA,FRF33,Moselle,FRF,FRF3,0.7863459792169997
FRA,FRF34,Vosges,FRF,FRF3,0.7863309126245122
FRA,FRG01,Loire-Atlantique,FRG,FRG0,0.5889392411332168
FRA,FRG02,Maine-et-Loire,FRG,FRG0,0.9885686624992727
FRA,FRG03,Mayenne,FRG,FRG0,0.6746317985271576
FRA,FRF24,Haute-Marne,FRF,FRF2,0.727640382358819
FRA,FRF31,Meurthe-et-Moselle ,FRF,FRF3,0.419111389368935
FRA,FRF32,Meuse ,FRF,FRF3,0.14066281641611833
HRV,HR022,Virovitičko-podravska županija,HR0,HR02,0.9344374165842908
HRV,HR023,Požeško-slavonska županija,HR0,HR02,0.6451754881476065
HRV,HR024,Brodsko-posavska županija,HR0,HR02,0.48059827722153436
HRV,HR025,Osječko-baranjska županija,HR0,HR02,0.11942329646097283
HRV,HR028,Sisačko-moslavačka županija,HR0,HR02,0.7332119490812526
HRV,HR026,Vukovarsko-srijemska županija,HR0,HR02,0.8571334805966719
HRV,HR027,Karlovačka županija,HR0,HR02,0.7510337810145272
HRV,HR021,Bjelovarsko-bilogorska županija,HR0,HR02,0.06082411541218313
HRV,HR031,Primorsko-goranska županija,HR0,HR03,0.35088373172709675
HRV,HR032,Ličko-senjska županija,HR0,HR03,0.8988461209709012
HRV,HR033,Zadarska županija,HR0,HR03,0.4732659055947517
HRV,HR034,Šibensko-kninska županija,HR0,HR03,0.8766008461818126
HRV,HR035,Splitsko-dalmatinska županija,HR0,HR03,0.7142642883863798
HRV,HR036,Istarska županija,HR0,HR03,0.9109604370444512
HRV,HR037,Dubrovačko-neretvanska županija,HR0,HR03,0.8978912292308286
HRV,HR050,Grad Zagreb,HR0,HR05,0.6985116296281322
HRV,HR061,Međimurska županija,HR0,HR06,0.6543742779130076
HRV,HR062,Varaždinska županija,HR0,HR06,0.21202237476532648
HRV,HR063,Koprivničko-križevačka županija,HR0,HR06,0.8389183791298404
HRV,HR064,Krapinsko-zagorska županija,HR0,HR06,0.2528189799610695
HRV,HR065,Zagrebačka županija,HR0,HR06,0.4169770460342269
HUN,HU120,Pest,HU1,HU12,0.26218013142746643
HUN,HU231,Baranya,HU2,HU23,0.8694521465961472
HUN,HU232,Somogy,HU2,HU23,0.48357058839392875
HUN,HU233,Tolna,HU2,HU23,0.8424377583705768
HUN,HU311,Borsod-Abaúj-Zemplén,HU3,HU31,0.5893772171073217
HUN,HU312,Heves,HU3,HU31,0.6541937379162517
HUN,HU313,Nógrád,HU3,HU31,0.15947533784050327
HUN,HU321,Hajdú-Bihar,HU3,HU32,0.9351585723820405
HUN,HU322,Jász-Nagykun-Szolnok,HU3,HU32,0.028599827133495848
HUN,HU323,Szabolcs-Szatmár-Bereg,HU3,HU32,0.19575535429136703
HUN,HU331,Bács-Kiskun,HU3,HU33,0.26773377793220565
HUN,HU332,Békés,HU3,HU33,0.2961444744293825
HUN,HU333,Csongrád-Csanád,HU3,HU33,0.06319328715382966
HUN,HU211,Fejér,HU2,HU21,0.7442738546396669
HUN,HU212,Komárom-Esztergom,HU2,HU21,0.5974382772534774
HUN,HU213,Veszprém,HU2,HU21,0.9614044870870949
HUN,HU221,Győr-Moson-Sopron,HU2,HU22,0.36580562021076657
HUN,HU222,Vas,HU2,HU22,0.16103756059857177
HUN,HU223,Zala,HU2,HU22,0.0317548729421111
HUN,HU110,Budapest,HU1,HU11,0.606163929878211
IRL,IE042,West,IE0,IE04,0.0005720466803730284
IRL,IE051,Mid-West ,IE0,IE05,0.760653968673207
IRL,IE052,South-East ,IE0,IE05,0.7883794940701822
IRL,IE053,South-West ,IE0,IE05,0.6555665118235893
IRL,IE061,Dublin,IE0,IE06,0.9280848507209405
IRL,IE062,Mid-East,IE0,IE06,0.8671383892128955
IRL,IE063,Midland,IE0,IE06,0.07228284750309177
IRL,IE041,Border,IE0,IE04,0.5312230888359536
ISL,IS001,Höfuðborgarsvæði,IS0,IS00,0.6759010720872336
ISL,IS002,Landsbyggð,IS0,IS00,0.6396689024420757
ITA,ITC14,Verbano-Cusio-Ossola,ITC,ITC1,0.05007189548449187
ITA,ITC15,Novara,ITC,ITC1,0.42038106185186463
ITA,ITC16,Cuneo,ITC,ITC1,0.0318898347990042
ITA,ITC17,Asti,ITC,ITC1,0.8345621426443592
ITA,ITC18,Alessandria,ITC,ITC1,0.7851589957444451
ITA,ITC20,Valle d’Aosta/Vallée d’Aoste,ITC,ITC2,0.8550076036260942
ITA,ITC48,Pavia,ITC,ITC4,0.41266742107462284
ITA,ITC49,Lodi,ITC,ITC4,0.29173026567078086
ITA,ITC4A,Cremona,ITC,ITC4,0.20307457867814338
ITA,ITC4B,Mantova,ITC,ITC4,0.7117054483057356
ITA,ITF11,L’Aquila,ITF,ITF1,0.2406016837258239
ITA,ITF12,Teramo,ITF,ITF1,0.9068877434571249
ITA,ITF13,Pescara,ITF,ITF1,0.012215533320651062
ITA,ITC4C,Milano,ITC,ITC4,0.42106625456217417
ITA,ITC4D,Monza e della Brianza,ITC,ITC4,0.4200736468548809
ITA,ITC31,Imperia,ITC,ITC3,0.937638812420199
ITA,ITC32,Savona,ITC,ITC3,0.8865501057603938
ITA,ITC33,Genova,ITC,ITC3,0.42108097651772347
ITA,ITC34,La Spezia,ITC,ITC3,0.5042526250153716
ITA,ITC41,Varese,ITC,ITC4,0.10544424585352541
ITA,ITC42,Como,ITC,ITC4,0.8721992449860856
ITA,ITC43,Lecco,ITC,ITC4,0.511744792893078
ITA,ITC44,Sondrio,ITC,ITC4,0.2780957279364188
ITA,ITC46,Bergamo,ITC,ITC4,0.1913907168738258
ITA,ITC47,Brescia,ITC,ITC4,0.1758696939393236
ITA,ITC11,Torino,ITC,ITC1,0.4399944518903727
ITA,ITC12,Vercelli,ITC,ITC1,0.9065682070388907
ITA,ITC13,Biella,ITC,ITC1,0.7537063920084788
ITA,ITH33,Belluno,ITH,ITH3,0.5799112443383484
ITA,ITH34,Treviso,ITH,ITH3,0.3115970940456355
ITA,ITH43,Gorizia,ITH,ITH4,0.04699244801400104
ITA,ITH44,Trieste,ITH,ITH4,0.8753152943305476
ITA,ITH51,Piacenza,ITH,ITH5,0.6871879545787669
ITA,ITF47,Bari,ITF,ITF4,0.26838110235041224
ITA,ITF48,Barletta-Andria-Trani,ITF,ITF4,0.864984439520444
ITA,ITH52,Parma,ITH,ITH5,0.31070834214490106
ITA,ITH53,Reggio nell’Emilia,ITH,ITH5,0.39715651031525834
ITA,ITH54,Modena,ITH,ITH5,0.836224404970168
ITA,ITI43,Roma,ITI,ITI4,0.7733975990805295
ITA,ITI44,Latina,ITI,ITI4,0.7375506720309989
ITA,ITF51,Potenza,ITF,ITF5,0.05625955246166914
ITA,ITF52,Matera,ITF,ITF5,0.49803878753024666
ITA,ITH55,Bologna,ITH,ITH5,0.31999247816834064
ITA,ITH56,Ferrara,ITH,ITH5,0.6059562351095168
ITA,ITI45,Frosinone,ITI,ITI4,0.8062944582542909
ITA,ITF61,Cosenza,ITF,ITF6,0.6067131139122364
ITA,ITF62,Crotone,ITF,ITF6,0.45671338329326494
ITA,ITH57,Ravenna,ITH,ITH5,0.519246134214195
ITA,ITH58,Forlì-Cesena,ITH,ITH5,0.13446609584985225
ITA,ITH59,Rimini,ITH,ITH5,0.47812869477639375
ITA,ITF63,Catanzaro,ITF,ITF6,0.6687415336302425
ITA,ITF64,Vibo Valentia,ITF,ITF6,0.4231848529167498
ITA,ITF65,Reggio Calabria,ITF,ITF6,0.16409910137305284
ITA,ITI11,Massa-Carrara,ITI,ITI1,0.3954877534731759
ITA,ITI12,Lucca,ITI,ITI1,0.17324424326325694
ITA,ITI13,Pistoia,ITI,ITI1,0.02443526718929734
ITA,ITG11,Trapani,ITG,ITG1,0.7864036319088742
ITA,ITG12,Palermo,ITG,ITG1,0.26290478997525335
ITA,ITI14,Firenze,ITI,ITI1,0.6532292021441902
ITA,ITI15,Prato,ITI,ITI1,0.16916666545539438
ITA,ITG13,Messina,ITG,ITG1,0.42606253220661994
ITA,ITG14,Agrigento,ITG,ITG1,0.5952788911716282
ITA,ITI16,Livorno,ITI,ITI1,0.7866910432813355
ITA,ITI17,Pisa,ITI,ITI1,0.6949906774302048
ITA,ITG15,Caltanissetta,ITG,ITG1,0.7352982271802501
ITA,ITG16,Enna,ITG,ITG1,0.6300737745611548
ITA,ITI18,Arezzo,ITI,ITI1,0.9359944494423016
ITA,ITI19,Siena,ITI,ITI1,0.1101796573964503
ITA,ITG17,Catania,ITG,ITG1,0.5286714791695688
ITA,ITG18,Ragusa,ITG,ITG1,0.9017777258362609
ITA,ITI1A,Grosseto,ITI,ITI1,0.2354231330083949
ITA,ITG19,Siracusa,ITG,ITG1,0.3883557543893078
ITA,ITI21,Perugia,ITI,ITI2,0.3752743870779274
ITA,ITG2D,Sassari,ITG,ITG2,0.15338383288127022
ITA,ITI22,Terni,ITI,ITI2,0.9500838298165117
ITA,ITI31,Pesaro e Urbino,ITI,ITI3,0.545843520955873
ITA,ITG2E,Nuoro,ITG,ITG2,0.5363627697205828
ITA,ITG2F,Cagliari,ITG,ITG2,0.8030911216960681
ITA,ITI32,Ancona,ITI,ITI3,0.5466668575488298
ITA,ITI33,Macerata,ITI,ITI3,0.06831609304647557
ITA,ITI34,Ascoli Piceno,ITI,ITI3,0.2398828310429113
ITA,ITI35,Fermo,ITI,ITI3,0.8247840636229022
ITA,ITF14,Chieti,ITF,ITF1,0.45503913922967654
ITA,ITF21,Isernia,ITF,ITF2,0.23351098567926043
ITA,ITF22,Campobasso,ITF,ITF2,0.12657827894349216
ITA,ITG2G,Oristano,ITG,ITG2,0.32998678996975683
ITA,ITI41,Viterbo,ITI,ITI4,0.5112329535333993
ITA,ITI42,Rieti,ITI,ITI4,0.20289598615656657
ITA,ITF31,Caserta,ITF,ITF3,0.199859726058231
ITA,ITF32,Benevento,ITF,ITF3,0.043644435427277806
ITA,ITG2H,Sud Sardegna,ITG,ITG2,0.7587199839145587
ITA,ITH35,Venezia,ITH,ITH3,0.13310207535891083
ITA,ITF33,Napoli,ITF,ITF3,0.7217011815141622
ITA,ITF34,Avellino,ITF,ITF3,0.8155106480055114
ITA,ITH10,Bolzano-Bozen,ITH,ITH1,0.9717235527825685
ITA,ITH36,Padova,ITH,ITH3,0.8594593656125961
ITA,ITH37,Rovigo,ITH,ITH3,0.08237514508925436
ITA,ITF35,Salerno,ITF,ITF3,0.636088942845039
ITA,ITF43,Taranto,ITF,ITF4,0.19183582016613399
ITA,ITH20,Trento,ITH,ITH2,0.13570646607320913
ITA,ITH41,Pordenone,ITH,ITH4,0.9422860089193207
ITA,ITH42,Udine,ITH,ITH4,0.12656419091026805
ITA,ITF44,Brindisi,ITF,ITF4,0.6637970295077216
ITA,ITF45,Lecce,ITF,ITF4,0.7530767010019013
ITA,ITF46,Foggia,ITF,ITF4,0.5449877968094704
ITA,ITH31,Verona,ITH,ITH3,0.7612625078448513
ITA,ITH32,Vicenza,ITH,ITH3,0.9998223009288285
LIE,LI000,Liechtenstein,LI0,LI00,0.862957856170611
LTU,LT011,Vilniaus apskritis,LT0,LT01,0.95993207307797
LTU,LT021,Alytaus apskritis,LT0,LT02,0.06405763957802324
LTU,LT022,Kauno apskritis,LT0,LT02,0.7206013893083709
LTU,LT023,Klaipėdos apskritis,LT0,LT02,0.2362921525359971
LTU,LT024,Marijampolės apskritis,LT0,LT02,0.4552878479719433
LTU,LT025,Panevėžio apskritis,LT0,LT02,0.662989404507555
LTU,LT026,Šiaulių apskritis,LT0,LT02,0.7337765633030313
LTU,LT027,Tauragės apskritis,LT0,LT02,0.6391961529275596
LTU,LT028,Telšių apskritis,LT0,LT02,0.3099713093770349
LTU,LT029,Utenos apskritis,LT0,LT02,0.15134553065908918
LUX,LU000,Luxembourg,LU0,LU00,0.9758969757386918
LVA,LV005,Latgale,LV0,LV00,0.7069825332275083
LVA,LV009,Zemgale,LV0,LV00,0.2848616362559486
LVA,LV00A,Rīga,LV0,LV00,0.28135249872540435
LVA,LV00B,Kurzeme,LV0,LV00,0.9119800131326491
LVA,LV00C,Vidzeme,LV0,LV00,0.11657224441517411
MKD,MK001,Vardarski,MK0,MK00,0.44682161039275703
MKD,MK002,Istočen,MK0,MK00,0.3324336748124894
MKD,MK003,Jugozapaden,MK0,MK00,0.43715719917758566
MKD,MK004,Jugoistočen,MK0,MK00,0.8021451519012562
MKD,MK005,Pelagoniski,MK0,MK00,0.007529424756920977
MKD,MK006,Pološki,MK0,MK00,0.6626614085646436
MKD,MK007,Severoistočen,MK0,MK00,0.003199610325188007
MKD,MK008,Skopski,MK0,MK00,0.701949027477257
MLT,MT001,Malta,MT0,MT00,0.29252047326484076
MLT,MT002,Gozo and Comino/Għawdex u Kemmuna,MT0,MT00,0.6123858881789671
MNE,ME000,Crna Gora,ME0,ME00,0.3693820699978506
NLD,NL416,Noordoost-Noord-Brabant,NL4,NL41,0.2774966539795888
NLD,NL421,Noord-Limburg,NL4,NL42,0.08668621444091884
NLD,NL422,Midden-Limburg,NL4,NL42,0.6242886709158668
NLD,NL423,Zuid-Limburg,NL4,NL42,0.6507997517682972
NLD,NL226,Arnhem/Nijmegen,NL2,NL22,0.8294043066458021
NLD,NL230,Flevoland,NL2,NL23,0.9412260685158848
NLD,NL321,Kop van Noord-Holland,NL3,NL32,0.8107639433064889
NLD,NL323,IJmond,NL3,NL32,0.09483872060306053
NLD,NL325,Zaanstreek,NL3,NL32,0.1729628956936874
NLD,NL327,Het Gooi en Vechtstreek,NL3,NL32,0.973738974646446
NLD,NL328,Alkmaar en omgeving,NL3,NL32,0.03420182711158304
NLD,NL32A,Agglomeratie Haarlem,NL3,NL32,0.7207796965856147
NLD,NL32B,Groot-Amsterdam,NL3,NL32,0.09046774182606943
NLD,NL341,Zeeuwsch-Vlaanderen,NL3,NL34,0.708542270497461
NLD,NL342,Overig Zeeland,NL3,NL34,0.1020199576458799
NLD,NL366,Groot-Rijnmond,NL3,NL36,0.09062035657369927
NLD,NL411,West-Noord-Brabant,NL4,NL41,0.5089682570583338
NLD,NL414,Zuidoost-Noord-Brabant,NL4,NL41,0.6075710176394405
NLD,NL415,Midden-Noord-Brabant,NL4,NL41,0.138757913251212
NLD,NL350,Utrecht,NL3,NL35,0.45458405901028787
NLD,NL361,Agglomeratie ’s-Gravenhage,NL3,NL36,0.41994595439369986
NLD,NL362,Delft en Westland,NL3,NL36,0.04044229540617417
NLD,NL363,Agglomeratie Leiden en Bollenstreek,NL3,NL36,0.6703360190930677
NLD,NL364,Zuidoost-Zuid-Holland,NL3,NL36,0.667662798443592
NLD,NL365,Oost-Zuid-Holland,NL3,NL36,0.3201338355193726
NLD,NL112,Delfzijl en omgeving,NL1,NL11,0.7442133135927322
NLD,NL114,Oost-Groningen,NL1,NL11,0.09114791424060398
NLD,NL115,Overig Groningen,NL1,NL11,0.2878691270937461
NLD,NL126,Zuidoost-Friesland,NL1,NL12,0.861317130675282
NLD,NL127,Noord-Friesland,NL1,NL12,0.6489730212876732
NLD,NL128,Zuidwest-Friesland,NL1,NL12,0.09967386784777232
NLD,NL131,Noord-Drenthe,NL1,NL13,0.7855806124423631
NLD,NL132,Zuidoost-Drenthe,NL1,NL13,0.9566997545670483
NLD,NL133,Zuidwest-Drenthe,NL1,NL13,0.01450621370467542
NLD,NL211,Noord-Overijssel,NL2,NL21,0.9477310115310723
NLD,NL212,Zuidwest-Overijssel,NL2,NL21,0.43152107095297865
NLD,NL213,Twente,NL2,NL21,0.9188913828926171
NLD,NL221,Veluwe,NL2,NL22,0.14264710055470842
NLD,NL224,Zuidwest-Gelderland,NL2,NL22,0.16633638160373154
NLD,NL225,Achterhoek,NL2,NL22,0.6783351043510272
NOR,NO092,Agder,NO0,NO09,0.40524968089145386
NOR,NO093,Vestfold,NO0,NO09,0.5990163103409596
NOR,NO094,Telemark,NO0,NO09,0.6140857315919127
NOR,NO081,Oslo,NO0,NO08,0.1514246002728139
NOR,NO060,Trøndelag/Trööndelage,NO0,NO06,0.9322983860765996
NOR,NO071,Nordland/Nordlánnda,NO0,NO07,0.5314959516538222
NOR,NO072,Troms/Romsa/Tromssa,NO0,NO07,0.9124208854618052
NOR,NO073,Finnmark/Finnmárku/Finmarkku,NO0,NO07,0.40601449648678944
NOR,NO0A1,Rogaland,NO0,NO0A,0.5691272551466089
NOR,NO083,Østfold,NO0,NO08,0.4569094223767608
NOR,NO084,Akershus,NO0,NO08,0.6919533906868932
NOR,NO085,Buskerud,NO0,NO08,0.006664764661658329
NOR,NO020,Innlandet,NO0,NO02,0.5748518627232568
NOR,NO0B1,Jan Mayen,NO0,NO0B,0.4914711608671025
NOR,NO0B2,Svalbard,NO0,NO0B,0.6945010169963598
NOR,NO0A2,Vestland,NO0,NO0A,0.13880152730876816
NOR,NO0A3,Møre og Romsdal,NO0,NO0A,0.7053476698637905
POL,PL921,Radomski,PL9,PL92,0.12903343108021803
POL,PL922,Ciechanowski,PL9,PL92,0.8616671407811761
POL,PL923,Płocki,PL9,PL92,0.1604019468564264
POL,PL924,Ostrołęcki,PL9,PL92,0.7311404385804972
POL,PL925,Siedlecki,PL9,PL92,0.012377502835056009
POL,PL926,Żyrardowski,PL9,PL92,0.3925029754910938
POL,PL843,Suwalski,PL8,PL84,0.421578717730158
POL,PL911,Miasto Warszawa,PL9,PL91,0.6779339354951085
POL,PL912,Warszawski wschodni,PL9,PL91,0.5549264127743759
POL,PL913,Warszawski zachodni,PL9,PL91,0.2656271302457236
POL,PL227,Rybnicki,PL2,PL22,0.37867335521125334
POL,PL228,Bytomski,PL2,PL22,0.17014968147172493
POL,PL229,Gliwicki,PL2,PL22,0.5926852166066006
POL,PL22A,Katowicki,PL2,PL22,0.15721170382033367
POL,PL416,Kaliski,PL4,PL41,0.9211682451874081
POL,PL721,Kielecki,PL7,PL72,0.19477692452501216
POL,PL417,Leszczyński,PL4,PL41,0.8237179115612046
POL,PL523,Nyski,PL5,PL52,0.7281173604064461
POL,PL722,Sandomiersko-jędrzejowski,PL7,PL72,0.12860487609684756
POL,PL418,Poznański,PL4,PL41,0.2763790313519052
POL,PL424,Miasto Szczecin,PL4,PL42,0.40670222713794457
POL,PL524,Opolski,PL5,PL52,0.9316465830994398
POL,PL811,Bialski,PL8,PL81,0.4390507588542516
POL,PL426,Koszaliński,PL4,PL42,0.18822602980091474
POL,PL613,Bydgosko-toruński,PL6,PL61,0.45525427432420895
POL,PL616,Grudziądzki,PL6,PL61,0.06616637807130743
POL,PL823,Rzeszowski,PL8,PL82,0.1137276002158445
POL,PL617,Inowrocławski,PL6,PL61,0.1580950198680271
POL,PL618,Świecki,PL6,PL61,0.499059817650219
POL,PL824,Tarnobrzeski,PL8,PL82,0.31443822112638875
POL,PL427,Szczecinecko-pyrzycki,PL4,PL42,0.2459474579089873
POL,PL619,Włocławski,PL6,PL61,0.4860335716044215
POL,PL842,Łomżyński,PL8,PL84,0.12006337881870832
POL,PL621,Elbląski,PL6,PL62,0.19400816747516558
POL,PL841,Białostocki,PL8,PL84,0.7163425906716803
POL,PL428,Szczeciński,PL4,PL42,0.14688227627454276
POL,PL431,Gorzowski,PL4,PL43,0.7618242978809372
POL,PL622,Olsztyński,PL6,PL62,0.7048351762619884
POL,PL812,Chełmsko-zamojski,PL8,PL81,0.6706277303661802
POL,PL432,Zielonogórski,PL4,PL43,0.24970213362059457
POL,PL514,Miasto Wrocław,PL5,PL51,0.27940331304605337
POL,PL623,Ełcki,PL6,PL62,0.7969563663856589
POL,PL633,Trójmiejski,PL6,PL63,0.09026234639703146
POL,PL814,Lubelski,PL8,PL81,0.4533981185851279
POL,PL515,Jeleniogórski,PL5,PL51,0.2540975795846043
POL,PL634,Gdański,PL6,PL63,0.13746001874961788
POL,PL815,Puławski,PL8,PL81,0.9921482048339781
POL,PL516,Legnicko-głogowski,PL5,PL51,0.9562805897629832
POL,PL636,Słupski,PL6,PL63,0.6868872531811469
POL,PL637,Chojnicki,PL6,PL63,0.589037536081613
POL,PL821,Krośnieński,PL8,PL82,0.7371311862588782
POL,PL822,Przemyski,PL8,PL82,0.2750184142460579
POL,PL517,Wałbrzyski,PL5,PL51,0.12835837578663556
POL,PL638,Starogardzki,PL6,PL63,0.5558174283420255
POL,PL711,Miasto Łódź,PL7,PL71,0.0748920698500436
POL,PL213,Miasto Kraków,PL2,PL21,0.7657416325682818
POL,PL518,Wrocławski,PL5,PL51,0.9284169436813894
POL,PL712,Łódzki,PL7,PL71,0.8889262141055081
POL,PL214,Krakowski,PL2,PL21,0.796747432551297
POL,PL22B,Sosnowiecki,PL2,PL22,0.826443301116312
POL,PL22C,Tyski,PL2,PL22,0.24072227603201435
POL,PL713,Piotrkowski,PL7,PL71,0.08587718699755265
POL,PL217,Tarnowski,PL2,PL21,0.6220319550853745
POL,PL218,Nowosądecki,PL2,PL21,0.1687586450803139
POL,PL411,Pilski,PL4,PL41,0.7003438010204747
POL,PL714,Sieradzki,PL7,PL71,0.6422738142659764
POL,PL219,Nowotarski,PL2,PL21,0.5177671340485306
POL,PL21A,Oświęcimski,PL2,PL21,0.7833370763350549
POL,PL414,Koniński,PL4,PL41,0.8686177622378408
POL,PL415,Miasto Poznań,PL4,PL41,0.23883774599581564
POL,PL715,Skierniewicki,PL7,PL71,0.8807716425701163
POL,PL224,Częstochowski,PL2,PL22,0.39083495273324687
POL,PL225,Bielski,PL2,PL22,0.9344789535280068
PRT,PT1C3,Alto Alentejo,PT1,PT1C,0.5381057374321506
PRT,PT1C4,Alentejo Central,PT1,PT1C,0.5209873361711624
PRT,PT1D1,Oeste,PT1,PT1D,0.2866244664525749
PRT,PT1D2,Médio Tejo,PT1,PT1D,0.7123066939477058
PRT,PT1D3,Lezíria do Tejo,PT1,PT1D,0.5012336343415766
PRT,PT200,Região Autónoma dos Açores,PT2,PT20,0.4795206818203269
PRT,PT300,Região Autónoma da Madeira,PT3,PT30,0.4322187857054336
PRT,PT111,Alto Minho,PT1,PT11,0.34575800334211393
PRT,PT112,Cávado,PT1,PT11,0.9439466091542266
PRT,PT119,Ave,PT1,PT11,0.27784460584328974
PRT,PT11A,Área Metropolitana do Porto,PT1,PT11,0.7806502255269796
PRT,PT11B,Alto Tâmega e Barroso,PT1,PT11,0.41112594815589854
PRT,PT11C,Tâmega e Sousa,PT1,PT11,0.004840902998056396
PRT,PT11D,Douro,PT1,PT11,0.9867287692677525
PRT,PT11E,Terras de Trás-os-Montes,PT1,PT11,0.7156886816626731
PRT,PT150,Algarve,PT1,PT15,0.29669017963593247
PRT,PT191,Região de Aveiro,PT1,PT19,0.91754241386463
PRT,PT192,Região de Coimbra,PT1,PT19,0.3380440420939971
PRT,PT193,Região de Leiria,PT1,PT19,0.08360461359470017
PRT,PT194,Viseu Dão Lafões,PT1,PT19,0.5443982634683328
PRT,PT195,Beira Baixa,PT1,PT19,0.8690493869114028
PRT,PT196,Beiras e Serra da Estrela,PT1,PT19,0.40952766965203324
PRT,PT1A0,Grande Lisboa,PT1,PT1A,0.48435128821038953
PRT,PT1B0,Península de Setúbal,PT1,PT1B,0.9091438066487763
PRT,PT1C1,Alentejo Litoral,PT1,PT1C,0.9256482388905328
PRT,PT1C2,Baixo Alentejo,PT1,PT1C,0.7311651347095441
ROU,RO317,Teleorman,RO3,RO31,0.414448914839348
ROU,RO321,Bucureşti,RO3,RO32,0.3106073775206516
ROU,RO211,Bacău,RO2,RO21,0.9804216571072943
ROU,RO322,Ilfov,RO3,RO32,0.5193895052752819
ROU,RO411,Dolj,RO4,RO41,0.5727804258120577
ROU,RO212,Botoşani,RO2,RO21,0.6703938412496868
ROU,RO412,Gorj,RO4,RO41,0.8310385893287935
ROU,RO413,Mehedinţi,RO4,RO41,0.5169132945656777
ROU,RO213,Iaşi,RO2,RO21,0.9793576425984772
ROU,RO214,Neamţ,RO2,RO21,0.7306372982827724
ROU,RO111,Bihor,RO1,RO11,0.6935007979411909
ROU,RO215,Suceava,RO2,RO21,0.20189594296521363
ROU,RO112,Bistriţa-Năsăud,RO1,RO11,0.16825396936288828
ROU,RO216,Vaslui,RO2,RO21,0.4405128180441594
ROU,RO113,Cluj,RO1,RO11,0.04631558315901607
ROU,RO221,Brăila,RO2,RO22,0.2529909363545326
ROU,RO222,Buzău,RO2,RO22,0.36028552704002725
ROU,RO414,Olt,RO4,RO41,0.09666907393234314
ROU,RO114,Maramureş,RO1,RO11,0.8018329063584895
ROU,RO223,Constanţa,RO2,RO22,0.19528513074838616
ROU,RO415,Vâlcea,RO4,RO41,0.7583975920553369
ROU,RO115,Satu Mare,RO1,RO11,0.21484111080867474
ROU,RO224,Galaţi,RO2,RO22,0.35896993056990567
ROU,RO421,Arad,RO4,RO42,0.7997555997057174
ROU,RO116,Sălaj,RO1,RO11,0.7055591273937821
ROU,RO225,Tulcea,RO2,RO22,0.16857173837278594
ROU,RO226,Vrancea,RO2,RO22,0.7448884796633101
ROU,RO422,Caraş-Severin,RO4,RO42,0.20417260546186566
ROU,RO121,Alba,RO1,RO12,0.546336669072024
ROU,RO311,Argeş,RO3,RO31,0.978675454815912
ROU,RO423,Hunedoara,RO4,RO42,0.2815516393038239
ROU,RO122,Braşov,RO1,RO12,0.6718494268540508
ROU,RO123,Covasna,RO1,RO12,0.262632015489353
ROU,RO312,Călăraşi,RO3,RO31,0.33063153856472516
ROU,RO424,Timiş,RO4,RO42,0.34385814093781686
ROU,RO124,Harghita,RO1,RO12,0.15907604044048795
ROU,RO313,Dâmboviţa,RO3,RO31,0.8490510417084217
ROU,RO125,Mureş,RO1,RO12,0.43262188807723934
ROU,RO314,Giurgiu,RO3,RO31,0.3045546440457011
ROU,RO126,Sibiu,RO1,RO12,0.20845289971593728
ROU,RO315,Ialomiţa,RO3,RO31,0.13909881505564825
ROU,RO316,Prahova,RO3,RO31,0.4776361821818885
SRB,RS122,Južnobanatska oblast,RS1,RS12,0.2832659989569949
SRB,RS123,Južnobačka oblast,RS1,RS12,0.9267552985452091
SRB,RS124,Severnobanatska oblast,RS1,RS12,0.6044618120625346
SRB,RS125,Severnobačka oblast,RS1,RS12,0.8005122010147886
SRB,RS126,Srednjobanatska oblast,RS1,RS12,0.3972134207185436
SRB,RS211,Zlatiborska oblast,RS2,RS21,0.2846388579085761
SRB,RS212,Kolubarska oblast,RS2,RS21,0.9141193236431755
SRB,RS127,Sremska oblast,RS1,RS12,0.7861286325381355
SRB,RS110,City of Belgrade,RS1,RS11,0.6278394267393742
SRB,RS121,Zapadnobačka oblast ,RS1,RS12,0.19822146010049457
SRB,RS225,Nišavska oblast,RS2,RS22,0.2977647170672515
SRB,RS226,Pirotska oblast,RS2,RS22,0.6384731850681654
SRB,RS227,Podunavska oblast,RS2,RS22,0.37511143847114814
SRB,RS228,Pčinjska oblast,RS2,RS22,0.5207679014830865
SRB,RS229,Toplička oblast,RS2,RS22,0.11638789167486896
SRB,RS213,Mačvanska oblast,RS2,RS21,0.01894462367166383
SRB,RS214,Moravička oblast,RS2,RS21,0.09738749718592521
SRB,RS215,Pomoravska oblast,RS2,RS21,0.6845405371102329
SRB,RS216,Rasinska oblast,RS2,RS21,0.09591448457925444
SRB,RS217,Raška oblast,RS2,RS21,0.13122966486357923
SRB,RS218,Šumadijska oblast,RS2,RS21,0.5265700335098082
SRB,RS221,Borska oblast,RS2,RS22,0.9156043455583349
SRB,RS222,Braničevska oblast,RS2,RS22,0.9533147135422766
SRB,RS223,Zaječarska oblast,RS2,RS22,0.5785772273138275
SRB,RS224,Jablanička oblast,RS2,RS22,0.7988019194452218
SVK,SK042,Košický kraj,SK0,SK04,0.7631013985470371
SVK,SK010,Bratislavský kraj,SK0,SK01,0.7887671793539524
SVK,SK021,Trnavský kraj,SK0,SK02,0.011026362144685442
SVK,SK022,Trenčiansky kraj,SK0,SK02,0.6593970489828459
SVK,SK023,Nitriansky kraj,SK0,SK02,0.8359247912208516
SVK,SK031,Žilinský kraj,SK0,SK03,0.441034388272061
SVK,SK032,Banskobystrický kraj,SK0,SK03,0.1582291641951291
SVK,SK041,Prešovský kraj,SK0,SK04,0.45498230800212414
SVN,SI031,Pomurska,SI0,SI03,0.25740897529075535
SVN,SI032,Podravska,SI0,SI03,0.913138081075762
SVN,SI033,Koroška,SI0,SI03,0.9275455868007628
SVN,SI034,Savinjska,SI0,SI03,0.3281777480487481
SVN,SI035,Zasavska,SI0,SI03,0.12328549816843848
SVN,SI036,Posavska,SI0,SI03,0.0749847525174332
SVN,SI037,Jugovzhodna Slovenija,SI0,SI03,0.7406380121686665
SVN,SI038,Primorsko-notranjska,SI0,SI03,0.8102963947157673
SVN,SI041,Osrednjeslovenska,SI0,SI04,0.31095072612789654
SVN,SI042,Gorenjska,SI0,SI04,0.49310617481002117
SVN,SI043,Goriška,SI0,SI04,0.27384904325062454
SVN,SI044,Obalno-kraška,SI0,SI04,0.6153272326938913
SWE,SE221,Blekinge län,SE2,SE22,0.644297014261599
SWE,SE224,Skåne län,SE2,SE22,0.8090879308116258
SWE,SE231,Hallands län,SE2,SE23,0.3944655527657951
SWE,SE331,Västerbottens län,SE3,SE33,0.8847494756322993
SWE,SE232,Västra Götalands län,SE2,SE23,0.786603958405572
SWE,SE332,Norrbottens län,SE3,SE33,0.646600631792384
SWE,SE311,Värmlands län,SE3,SE31,0.7456404207353976
SWE,SE312,Dalarnas län,SE3,SE31,0.5551024194988454
SWE,SE110,Stockholms län,SE1,SE11,0.4515128906027245
SWE,SE313,Gävleborgs län,SE3,SE31,0.05820040915906355
SWE,SE121,Uppsala län,SE1,SE12,0.7139212191989129
SWE,SE321,Västernorrlands län,SE3,SE32,0.16622299331559265
SWE,SE122,Södermanlands län,SE1,SE12,0.4340432445433886
SWE,SE322,Jämtlands län,SE3,SE32,0.6313732044979273
SWE,SE123,Östergötlands län,SE1,SE12,0.8243629897432242
SWE,SE124,Örebro län,SE1,SE12,0.5897933943043356
SWE,SE125,Västmanlands län,SE1,SE12,0.37280059893845896
SWE,SE213,Kalmar län,SE2,SE21,0.9257885621106952
SWE,SE214,Gotlands län,SE2,SE21,0.06303000822369198
SWE,SE211,Jönköpings län,SE2,SE21,0.3655364176206407
SWE,SE212,Kronobergs län,SE2,SE21,0.1866072403624781
TUR,TR632,Kahramanmaraş,TR6,TR63,0.7000437533084438
TUR,TR633,Osmaniye,TR6,TR63,0.3679124809788854
TUR,TR711,Kırıkkale,TR7,TR71,0.5543271792931307
TUR,TR712,Aksaray,TR7,TR71,0.08495363050792482
TUR,TR713,Niğde,TR7,TR71,0.7799194402436883
TUR,TR714,Nevşehir,TR7,TR71,0.055284917294347036
TUR,TR715,Kırşehir,TR7,TR71,0.2573895734434277
TUR,TR721,Kayseri,TR7,TR72,0.984547342532777
TUR,TR722,Sivas,TR7,TR72,0.40910433840733984
TUR,TR723,Yozgat,TR7,TR72,0.9622592904627916
TUR,TR811,Zonguldak,TR8,TR81,0.6017352151225043
TUR,TR812,Karabük,TR8,TR81,0.27970672238065386
TUR,TR813,Bartın,TR8,TR81,0.5358903672484765
TUR,TR821,Kastamonu,TR8,TR82,0.5699507437620341
TUR,TR822,Çankırı,TR8,TR82,0.2865869142264724
TUR,TR823,Sinop,TR8,TR82,0.07356348031571802
TUR,TR831,Samsun,TR8,TR83,0.9125665745373321
TUR,TR832,Tokat,TR8,TR83,0.2719291818185474
TUR,TR833,Çorum,TR8,TR83,0.06420225219917486
TUR,TR834,Amasya,TR8,TR83,0.061101734422974174
TUR,TR901,Trabzon,TR9,TR90,0.6879107237604147
TUR,TR902,Ordu,TR9,TR90,0.4635517083499413
TUR,TR903,Giresun,TR9,TR90,0.4677805354754768
TUR,TR904,Rize,TR9,TR90,0.4255918589064659
TUR,TR905,Artvin,TR9,TR90,0.6457136400774216
TUR,TR906,Gümüşhane,TR9,TR90,0.45060332989991536
TUR,TRA11,Erzurum,TRA,TRA1,0.4916705338881827
TUR,TRA12,Erzincan,TRA,TRA1,0.14130464228616435
TUR,TRA13,Bayburt,TRA,TRA1,0.6832543266740486
TUR,TRA21,Ağrı,TRA,TRA2,0.7962706760006891
TUR,TRA22,Kars,TRA,TRA2,0.6387371339680384
TUR,TRA23,Iğdır,TRA,TRA2,0.06786530569760885
TUR,TRA24,Ardahan,TRA,TRA2,0.018835655020821962
TUR,TRB11,Malatya,TRB,TRB1,0.5098060561612836
TUR,TRB12,Elazığ,TRB,TRB1,0.6352836093778842
TUR,TRB13,Bingöl,TRB,TRB1,0.9217457418625403
TUR,TRB14,Tunceli,TRB,TRB1,0.9559799461484193
TUR,TRB21,Van,TRB,TRB2,0.0677549697169495
TUR,TRB22,Muş,TRB,TRB2,0.585938792142213
TUR,TRB23,Bitlis,TRB,TRB2,0.7317875277344498
TUR,TRB24,Hakkari,TRB,TRB2,0.6383929956482118
TUR,TRC11,Gaziantep,TRC,TRC1,0.15328553848350768
TUR,TRC12,Adıyaman,TRC,TRC1,0.9445169129024095
TUR,TRC13,Kilis,TRC,TRC1,0.5376607005089095
TUR,TRC21,Şanlıurfa,TRC,TRC2,0.8757991980347656
TUR,TRC22,Diyarbakır,TRC,TRC2,0.7665706590181344
TUR,TRC31,Mardin,TRC,TRC3,0.6153074030864703
TUR,TRC32,Batman,TRC,TRC3,0.5496857629882529
TUR,TRC33,Şırnak,TRC,TRC3,0.523336859588719
TUR,TRC34,Siirt,TRC,TRC3,0.638370514594914
TUR,TR611,Antalya,TR6,TR61,0.05797803055289352
TUR,TR612,Isparta,TR6,TR61,0.41668886139576344
TUR,TR613,Burdur,TR6,TR61,0.6273885870583151
TUR,TR621,Adana,TR6,TR62,0.6768055685052402
TUR,TR622,Mersin,TR6,TR62,0.2718219512574104
TUR,TR631,Hatay,TR6,TR63,0.7992402023218529
TUR,TR100,İstanbul,TR1,TR10,0.4372666969840464
TUR,TR211,Tekirdağ,TR2,TR21,0.6742584289480146
TUR,TR212,Edirne,TR2,TR21,0.5533854320833028
TUR,TR213,Kırklareli,TR2,TR21,0.19167742757864858
TUR,TR221,Balıkesir,TR2,TR22,0.36029416697433725
TUR,TR331,Manisa,TR3,TR33,0.28847362664764375
TUR,TR332,Afyonkarahisar,TR3,TR33,0.7550009228823288
TUR,TR333,Kütahya,TR3,TR33,0.7632296956075394
TUR,TR334,Uşak,TR3,TR33,0.13704736631630055
TUR,TR411,Bursa,TR4,TR41,0.9441479652554886
TUR,TR412,Eskişehir,TR4,TR41,0.5343228202309303
TUR,TR413,Bilecik,TR4,TR41,0.18533398444513616
TUR,TR421,Kocaeli,TR4,TR42,0.9665302218696331
TUR,TR422,Sakarya,TR4,TR42,0.25031733331663075
TUR,TR521,Konya,TR5,TR52,0.17859185635706043
TUR,TR522,Karaman,TR5,TR52,0.06605338128355664
TUR,TR423,Düzce,TR4,TR42,0.8384682424058508
TUR,TR424,Bolu,TR4,TR42,0.32486088359978105
TUR,TR425,Yalova,TR4,TR42,0.9024724656780401
TUR,TR510,Ankara,TR5,TR51,0.5564601894895536
TUR,TR222,Çanakkale,TR2,TR22,0.2221794029295453
TUR,TR310,İzmir,TR3,TR31,0.6516729110946139
TUR,TR321,Aydın,TR3,TR32,0.5490363600053974
TUR,TR322,Denizli,TR3,TR32,0.006517692129823005
TUR,TR323,Muğla,TR3,TR32,0.30995385221540717
