Country,Size,Sector,Location,NUTS3_ID,COUNTY_ID,State,Name,Growth,Borrow,Shrink,IR,EWS
IND,Large,HiTech,IND,,,,Name32471,False,True,False,Aa3,High
IND,Large,HiTech,IND,,,,Name32472,True,True,False,A1,Medium
IND,Large,HiTech,IND,,,,Name32473,False,False,True,Caa/C,Medium
IND,Large,HiTech,IND,,,,Name32474,True,True,False,Baa1,Low
IND,Large,HiTech,IND,,,,Name32475,False,True,False,A3,High
IND,Large,HiTech,IND,,,,Name32476,False,True,True,Aa1,Low
IND,Large,HiTech,IND,,,,Name32477,True,False,False,Aa1,Medium
IND,Large,HiTech,IND,,,,Name32479,True,True,False,B3,Medium
IND,Large,HiTech,IND,,,,Name32480,False,True,False,Baa3,Severe
IND,Large,HiTech,IND,,,,Name32481,True,False,False,A1,Low
IND,Large,HiTech,IND,,,,Name32482,False,True,False,A3,Medium
IND,Large,HiTech,IND,,,,Name32483,False,False,True,B2,Low
IND,Large,HiTech,IND,,,,Name32484,True,True,False,Caa/C,High
IND,Large,HiTech,IND,,,,Name32486,True,True,False,Ba2,Medium
IND,Large,HiTech,IND,,,,Name32487,True,True,False,Baa1,Medium
IND,Large,HiTech,IND,,,,Name32488,True,True,False,Ba2,Medium
IND,Large,HiTech,IND,,,,Name32490,True,False,False,B1,Medium
IND,Large,HiTech,IND,,,,Name32491,True,True,False,A1,High
IND,Large,HiTech,IND,,,,Name32492,True,False,False,Aaa,Medium
IND,Large,HiTech,IND,,,,Name32493,False,True,False,B3,Low
IND,Large,HiTech,IND,,,,Name32494,True,True,False,B2,High
IND,Large,HiTech,IND,,,,Name32495,True,True,False,B3,Medium
IND,Large,HiTech,IND,,,,Name32497,False,True,False,Aa3,Medium
IND,Large,HiTech,IND,,,,Name32498,True,True,False,Aaa,Severe
IND,Large,HiTech,IND,,,,Name32499,True,True,False,Baa1,Severe
IND,Large,HiTech,IND,,,,Name32500,True,True,False,Aa2,Medium
IND,Large,HiTech,IND,,,,Name32501,True,True,False,Aa1,Medium
IND,Large,Agriculture,IND,,,,Name32502,False,False,True,A3,High
IND,Large,Agriculture,IND,,,,Name32503,True,False,False,Caa/C,Severe
IND,Large,Agriculture,IND,,,,Name32504,True,True,False,Baa2,Severe
IND,Large,Agriculture,IND,,,,Name32505,True,False,False,Baa2,Medium
IND,Large,Agriculture,IND,,,,Name32506,True,True,False,Ba3,High
IND,Large,Agriculture,IND,,,,Name32507,True,True,False,Ba1,Severe
IND,Large,Agriculture,IND,,,,Name32508,True,True,False,B2,Low
IND,Large,Agriculture,IND,,,,Name32510,True,True,False,A3,Severe
IND,Large,Agriculture,IND,,,,Name32511,True,True,False,Caa/C,Severe
IND,Large,Agriculture,IND,,,,Name32512,True,False,False,Ba2,High
IND,Large,Agriculture,IND,,,,Name32513,False,False,True,Baa2,Medium
IND,Large,Agriculture,IND,,,,Name32514,True,False,False,Caa/C,High
IND,Large,Agriculture,IND,,,,Name32515,True,False,False,B2,Low
IND,Large,Agriculture,IND,,,,Name32517,False,True,False,A2,Low
IND,Large,Agriculture,IND,,,,Name32518,False,True,False,Caa/C,Medium
IND,Large,Agriculture,IND,,,,Name32519,False,False,True,Aa2,Low
IND,Large,Agriculture,IND,,,,Name32520,False,True,False,Aaa,Severe
IND,Large,Agriculture,IND,,,,Name32521,True,True,False,Ba3,High
IND,Large,Transportation,IND,,,,Name32522,False,True,True,Aaa,High
IND,Large,Transportation,IND,,,,Name32523,True,False,False,Aa3,Medium
IND,Large,Transportation,IND,,,,Name32524,False,True,True,B2,Medium
IND,Large,Transportation,IND,,,,Name32525,True,True,False,A3,Severe
IND,Large,Transportation,IND,,,,Name32526,True,False,False,Aaa,Low
IND,Large,Transportation,IND,,,,Name32527,False,True,False,Ba1,Medium
IND,Large,Transportation,IND,,,,Name32528,True,True,False,Baa3,Medium
IND,Large,Transportation,IND,,,,Name32529,False,False,True,A2,Low
IND,Large,Transportation,IND,,,,Name32531,False,True,False,Ba2,High
IND,Large,Transportation,IND,,,,Name32532,True,True,False,Baa1,Severe
IND,Large,Transportation,IND,,,,Name32533,True,True,False,B2,Medium
IND,Large,Transportation,IND,,,,Name32534,True,True,False,Baa1,Severe
IND,Large,Transportation,IND,,,,Name32535,False,True,True,Baa2,High
IND,Large,Transportation,IND,,,,Name32536,True,False,False,A2,Medium
IND,Large,Transportation,IND,,,,Name32537,True,True,False,B2,Medium
IND,Large,Transportation,IND,,,,Name32538,False,False,True,B2,Low
IND,Large,Transportation,IND,,,,Name32540,True,True,False,Ba2,Severe
IND,Large,Transportation,IND,,,,Name32541,True,False,False,B3,Low
IND,Large,Transportation,IND,,,,Name32542,True,False,False,Baa1,Severe
IND,Large,Transportation,IND,,,,Name32543,False,True,True,Ba1,High
IND,Large,Transportation,IND,,,,Name32545,False,True,True,Ba3,Severe
IND,Large,Transportation,IND,,,,Name32546,True,True,False,Ba1,Severe
IND,Large,Transportation,IND,,,,Name32548,False,True,True,Aaa,Severe
IND,Large,Transportation,IND,,,,Name32549,True,False,False,B1,Medium
IND,Large,Transportation,IND,,,,Name32550,True,False,False,B1,High
IND,Large,Consumer_Products,IND,,,,Name32552,True,False,False,Aa2,Low
IND,Large,Consumer_Products,IND,,,,Name32553,True,False,False,Ba1,Low
IND,Large,Consumer_Products,IND,,,,Name32554,False,False,True,B2,Low
IND,Large,Consumer_Products,IND,,,,Name32555,False,False,True,Ba1,High
IND,Large,Consumer_Products,IND,,,,Name32556,True,True,False,Ba3,High
IND,Large,Consumer_Products,IND,,,,Name32557,True,False,False,B3,High
IND,Large,Consumer_Products,IND,,,,Name32558,False,False,True,A3,Severe
IND,Large,Consumer_Products,IND,,,,Name32559,True,False,False,Aa3,Medium
IND,Large,Consumer_Products,IND,,,,Name32560,True,True,False,A3,Medium
IND,Large,Consumer_Products,IND,,,,Name32561,True,True,False,A3,Low
IND,Large,Consumer_Products,IND,,,,Name32562,True,False,False,A1,Medium
IND,Large,Consumer_Products,IND,,,,Name32563,True,False,False,Aa3,High
IND,Large,Consumer_Products,IND,,,,Name32564,False,True,False,Baa2,Low
IND,Large,Consumer_Products,IND,,,,Name32565,False,True,True,Ba3,Low
IND,Large,Consumer_Products,IND,,,,Name32566,False,True,True,Caa/C,Severe
IND,Large,Consumer_Products,IND,,,,Name32567,False,True,True,Caa/C,Severe
IND,Large,Consumer_Products,IND,,,,Name32568,True,True,False,Aa3,High
IND,Large,Consumer_Products,IND,,,,Name32569,False,True,True,A2,Low
IND,Large,Consumer_Products,IND,,,,Name32570,False,True,True,Ba2,Low
IND,Large,Consumer_Products,IND,,,,Name32571,False,True,False,Aa2,Severe
IND,Large,Consumer_Products,IND,,,,Name32572,True,False,False,A2,High
IND,Large,Consumer_Products,IND,,,,Name32574,True,True,False,Baa1,Severe
IND,Large,Consumer_Products,IND,,,,Name32575,True,False,False,Caa/C,Low
IND,Large,Consumer_Products,IND,,,,Name32576,True,False,False,Ba1,High
IND,Large,Consumer_Products,IND,,,,Name32577,False,False,True,Baa3,High
IND,Large,Consumer_Products,IND,,,,Name32578,True,True,False,Aaa,High
IND,Large,Consumer_Products,IND,,,,Name32579,True,True,False,Caa/C,Severe
IND,Large,Consumer_Products,IND,,,,Name32580,True,False,False,A2,Medium
IND,Large,Consumer_Products,IND,,,,Name32581,False,True,False,A3,Medium
IND,Large,Consumer_Products,IND,,,,Name32582,False,True,True,B1,High
IND,Large,Consumer_Products,IND,,,,Name32583,True,False,False,Ba1,Medium
IND,Large,Consumer_Products,IND,,,,Name32584,True,True,False,Aaa,Low
IND,Large,Consumer_Products,IND,,,,Name32585,True,True,False,Baa3,High
IND,Large,Consumer_Products,IND,,,,Name32586,False,False,True,Aaa,Low
IND,Large,Consumer_Products,IND,,,,Name32587,False,False,True,Ba3,Medium
IND,Large,Consumer_Products,IND,,,,Name32589,True,False,False,Aaa,Low
IND,Large,Consumer_Products,IND,,,,Name32590,True,False,False,Ba2,Medium
IND,Large,Consumer_Products,IND,,,,Name32591,True,False,False,Ba1,Severe
IND,Large,Consumer_Products,IND,,,,Name32592,False,True,True,Ba3,Medium
IND,Large,Consumer_Products,IND,,,,Name32593,False,False,True,A3,High
IND,Large,Consumer_Products,IND,,,,Name32594,False,False,True,Ba1,Medium
IND,Large,Consumer_Products,IND,,,,Name32595,True,True,False,A3,High
IND,Large,Unassigned,IND,,,,Name32596,True,True,False,Aa3,Severe
IND,Large,Unassigned,IND,,,,Name32597,False,False,True,Baa2,Severe
IND,Large,Unassigned,IND,,,,Name32598,False,True,True,B1,High
IND,Large,Unassigned,IND,,,,Name32599,True,True,False,B3,High
IND,Large,Unassigned,IND,,,,Name32600,True,False,False,Caa/C,Severe
IND,Large,Unassigned,IND,,,,Name32601,True,True,False,Baa3,Severe
IND,Large,Unassigned,IND,,,,Name32603,False,True,False,Aaa,Low
IND,Large,Unassigned,IND,,,,Name32604,True,False,False,A1,Severe
IND,Large,Unassigned,IND,,,,Name32605,False,False,True,B1,High
IND,Large,Unassigned,IND,,,,Name32607,False,True,True,Aa1,High
IND,Large,Unassigned,IND,,,,Name32608,True,True,False,B1,High
IND,Large,Unassigned,IND,,,,Name32609,True,False,False,Caa/C,Medium
IND,Large,Unassigned,IND,,,,Name32610,True,False,False,Caa/C,Medium
IND,Large,Unassigned,IND,,,,Name32611,True,False,False,Ba2,Severe
IND,Large,Unassigned,IND,,,,Name32613,False,False,True,Ba1,Medium
IND,Large,Unassigned,IND,,,,Name32614,False,False,True,Aaa,High
IND,Large,Unassigned,IND,,,,Name32615,True,True,False,Ba1,Low
IND,Large,Unassigned,IND,,,,Name32616,False,True,True,Ba3,Severe
IND,Large,Unassigned,IND,,,,Name32617,True,True,False,Ba2,Severe
IND,Large,Unassigned,IND,,,,Name32618,True,True,False,A3,Severe
IND,Large,Unassigned,IND,,,,Name32619,False,True,False,B1,Medium
IND,Large,Unassigned,IND,,,,Name32620,True,True,False,Caa/C,High
IND,Large,Unassigned,IND,,,,Name32621,True,False,False,B3,Low
IND,Large,Unassigned,IND,,,,Name32622,True,False,False,Baa3,Severe
IND,Large,Unassigned,IND,,,,Name32623,True,True,False,A1,Low
IND,Large,Unassigned,IND,,,,Name32624,False,True,False,B1,Low
IND,Large,Unassigned,IND,,,,Name32625,False,True,True,B3,Low
IND,Large,Unassigned,IND,,,,Name32626,True,True,False,Baa2,High
IND,Large,Unassigned,IND,,,,Name32627,True,True,False,Aaa,High
IND,Large,Unassigned,IND,,,,Name32628,True,False,False,Aa1,Low
IND,Large,Unassigned,IND,,,,Name32629,True,True,False,Ba1,High
IND,Large,Unassigned,IND,,,,Name32630,True,True,False,Aa3,Severe
IND,Large,Unassigned,IND,,,,Name32631,True,True,False,Baa1,Severe
IND,Large,Unassigned,IND,,,,Name32632,True,False,False,Ba1,Medium
IND,Large,Unassigned,IND,,,,Name32633,True,True,False,Aa3,Low
IND,Large,Unassigned,IND,,,,Name32634,True,True,False,Baa3,High
IND,Large,Unassigned,IND,,,,Name32635,True,True,False,Aa2,Medium
IND,Large,Unassigned,IND,,,,Name32636,True,True,False,Caa/C,Medium
IND,Large,Unassigned,IND,,,,Name32637,False,True,False,A1,Severe
IND,Large,Communication,IND,,,,Name32638,True,True,False,Aa2,Severe
IND,Large,Communication,IND,,,,Name32639,True,False,False,Baa1,High
IND,Large,Communication,IND,,,,Name32640,True,True,False,Aa2,High
IND,Large,Communication,IND,,,,Name32641,True,True,False,Ba2,Severe
IND,Large,Communication,IND,,,,Name32643,True,True,False,A2,Low
IND,Large,Communication,IND,,,,Name32644,True,True,False,Ba3,High
IND,Large,Communication,IND,,,,Name32645,True,True,False,Caa/C,Medium
IND,Large,Communication,IND,,,,Name32646,True,True,False,Baa1,Severe
IND,Large,Communication,IND,,,,Name32647,False,False,True,B1,Low
IND,Large,Communication,IND,,,,Name32648,True,True,False,A3,High
IND,Large,Communication,IND,,,,Name32649,True,True,False,Aa3,Medium
IND,Large,Communication,IND,,,,Name32650,False,True,True,B3,Low
IND,Large,Communication,IND,,,,Name32651,True,True,False,B3,Medium
IND,Large,Communication,IND,,,,Name32652,True,False,False,Aa3,High
IND,Large,Communication,IND,,,,Name32653,True,True,False,A2,Severe
IND,Large,Communication,IND,,,,Name32654,False,True,True,Aa1,Low
IND,Large,Communication,IND,,,,Name32656,False,True,True,Aa3,Medium
IND,Large,Communication,IND,,,,Name32657,True,False,False,Baa3,Medium
IND,Large,Communication,IND,,,,Name32658,True,True,False,Aa3,Severe
IND,Large,Communication,IND,,,,Name32659,True,True,False,Ba3,Medium
IND,Large,Communication,IND,,,,Name32660,False,True,False,Aaa,Medium
IND,Large,Communication,IND,,,,Name32661,True,False,False,A3,High
IND,Large,Communication,IND,,,,Name32662,False,True,False,A1,High
IND,Large,Communication,IND,,,,Name32663,True,True,False,Ba2,Medium
IND,Large,Communication,IND,,,,Name32664,True,False,False,B3,Severe
IND,Large,Communication,IND,,,,Name32665,True,True,False,Caa/C,Severe
IND,Large,Communication,IND,,,,Name32666,False,False,True,Aaa,High
IND,Large,Communication,IND,,,,Name32667,False,True,True,Aa1,High
IND,Large,Communication,IND,,,,Name32668,False,True,True,Baa3,Medium
IND,Large,Communication,IND,,,,Name32670,True,False,False,Aaa,High
IND,Large,Communication,IND,,,,Name32671,False,True,False,A3,Severe
IND,Large,Communication,IND,,,,Name32672,True,False,False,Baa3,High
IND,Large,Communication,IND,,,,Name32673,True,True,False,A3,Severe
IND,Large,Communication,IND,,,,Name32674,True,True,False,Ba3,Severe
IND,Large,Trade,IND,,,,Name32675,True,True,False,Baa1,Low
IND,Large,Trade,IND,,,,Name32676,False,True,False,Aa2,High
IND,Large,Trade,IND,,,,Name32677,False,False,True,B2,High
IND,Large,Trade,IND,,,,Name32678,True,True,False,Aa3,Severe
IND,Large,Trade,IND,,,,Name32679,False,True,False,Ba2,High
IND,Large,Trade,IND,,,,Name32680,True,True,False,A1,Severe
IND,Large,Trade,IND,,,,Name32681,False,True,False,B1,Low
IND,Large,Trade,IND,,,,Name32682,True,True,False,B1,High
IND,Large,Trade,IND,,,,Name32684,True,False,False,Ba1,Low
IND,Large,Trade,IND,,,,Name32685,False,True,False,Ba1,High
IND,Large,Trade,IND,,,,Name32686,False,True,True,Ba2,Severe
IND,Large,Trade,IND,,,,Name32687,False,True,False,Aa2,Medium
IND,Large,Trade,IND,,,,Name32688,False,True,True,B3,High
IND,Large,Trade,IND,,,,Name32689,True,False,False,A1,High
IND,Large,Trade,IND,,,,Name32690,False,True,False,Baa1,Low
IND,Large,Trade,IND,,,,Name32691,True,False,False,Baa1,Low
IND,Large,Business_Services,IND,,,,Name32692,True,False,False,Aa3,Medium
IND,Large,Business_Services,IND,,,,Name32693,False,True,True,Aaa,Severe
IND,Large,Business_Services,IND,,,,Name32694,True,True,False,A2,Medium
IND,Large,Business_Services,IND,,,,Name32696,True,False,False,B1,Severe
IND,Large,Business_Services,IND,,,,Name32697,True,False,False,Aa2,Severe
IND,Large,Business_Services,IND,,,,Name32699,False,True,False,Baa2,Low
IND,Large,Business_Services,IND,,,,Name32700,True,False,False,Ba2,Medium
IND,Large,Business_Services,IND,,,,Name32701,False,False,True,Baa2,Severe
IND,Large,Business_Services,IND,,,,Name32702,True,False,False,A1,Medium
IND,Large,Business_Services,IND,,,,Name32703,True,False,False,Ba3,Severe
IND,Large,Business_Services,IND,,,,Name32704,True,True,False,Baa3,Medium
IND,Large,Business_Services,IND,,,,Name32706,True,False,False,Ba2,Low
IND,Large,Business_Services,IND,,,,Name32707,False,False,True,Aa1,Medium
IND,Large,Business_Services,IND,,,,Name32709,True,False,False,B3,High
IND,Large,Business_Services,IND,,,,Name32710,True,True,False,Baa1,Severe
IND,Large,Business_Services,IND,,,,Name32711,True,True,False,Aa2,Severe
IND,Large,Business_Services,IND,,,,Name32712,False,False,True,Baa3,Low
IND,Large,Business_Services,IND,,,,Name32713,True,False,False,Aa3,Medium
IND,Large,Business_Services,IND,,,,Name32716,True,True,False,B1,High
IND,Large,Business_Services,IND,,,,Name32717,True,True,False,Baa3,Medium
IND,Large,Business_Services,IND,,,,Name32718,False,True,False,A3,Low
IND,Large,Business_Services,IND,,,,Name32719,False,True,False,Ba2,Low
IND,Large,Business_Services,IND,,,,Name32720,False,True,False,A1,High
IND,Large,Business_Services,IND,,,,Name32721,False,False,True,Caa/C,Low
IND,Large,Business_Services,IND,,,,Name32723,False,True,False,B2,High
IND,Large,Business_Services,IND,,,,Name32724,True,False,False,A3,Severe
IND,Large,Business_Services,IND,,,,Name32725,False,True,True,A3,High
IND,Large,Business_Services,IND,,,,Name32728,True,True,False,Ba1,Medium
IND,Large,Business_Services,IND,,,,Name32729,False,True,False,B1,Severe
IND,Large,Business_Services,IND,,,,Name32730,True,True,False,Caa/C,High
IND,Large,Business_Services,IND,,,,Name32731,False,False,True,Aa2,Medium
IND,Large,Business_Services,IND,,,,Name32733,False,True,False,A1,Medium
IND,Large,Business_Services,IND,,,,Name32735,False,True,True,Ba3,Medium
IND,Large,Business_Products,IND,,,,Name32737,False,True,False,B2,Low
IND,Large,Business_Products,IND,,,,Name32738,True,False,False,A1,Severe
IND,Large,Business_Products,IND,,,,Name32739,False,True,True,Baa3,Low
IND,Large,Business_Products,IND,,,,Name32741,False,False,True,Aa2,Low
IND,Large,Business_Products,IND,,,,Name32743,False,False,True,Ba2,Severe
IND,Large,Business_Products,IND,,,,Name32744,True,False,False,Caa/C,Severe
IND,Large,Business_Products,IND,,,,Name32745,False,True,False,A3,Medium
IND,Large,Business_Products,IND,,,,Name32746,True,False,False,B1,Low
IND,Large,Business_Products,IND,,,,Name32747,True,True,False,Aaa,Medium
IND,Large,Business_Products,IND,,,,Name32748,True,False,False,Aaa,High
IND,Large,Business_Products,IND,,,,Name32749,False,False,True,Aa2,Medium
IND,Large,Business_Products,IND,,,,Name32750,True,True,False,B1,Severe
IND,Large,Business_Products,IND,,,,Name32751,True,False,False,Aa2,Severe
IND,Large,Business_Products,IND,,,,Name32752,True,True,False,Aaa,Severe
IND,Large,Business_Products,IND,,,,Name32753,False,True,True,Aa1,Severe
IND,Large,Business_Products,IND,,,,Name32755,True,False,False,B3,High
IND,Large,Business_Products,IND,,,,Name32756,False,False,True,Baa1,Severe
IND,Large,Business_Products,IND,,,,Name32757,True,False,False,Ba2,Low
IND,Large,Business_Products,IND,,,,Name32758,False,True,False,B3,Severe
IND,Large,Business_Products,IND,,,,Name32759,False,False,True,Baa2,Low
IND,Large,Business_Products,IND,,,,Name32760,True,False,False,Baa3,Low
IND,Large,Business_Products,IND,,,,Name32761,True,False,False,Baa2,Severe
IND,Large,Business_Products,IND,,,,Name32762,True,False,False,Ba1,Medium
IND,Large,Business_Products,IND,,,,Name32763,False,False,True,Ba2,Severe
IND,Large,Business_Products,IND,,,,Name32764,False,True,False,Aa3,High
IND,Large,Business_Products,IND,,,,Name32765,False,True,True,B1,Low
IND,Large,Business_Products,IND,,,,Name32766,True,True,False,A1,Medium
IND,Large,Business_Products,IND,,,,Name32767,False,False,True,A3,High
IND,Large,Business_Products,IND,,,,Name32768,True,True,False,Aaa,High
IND,Large,Business_Products,IND,,,,Name32769,False,True,False,A2,Severe
IND,Large,Business_Products,IND,,,,Name32770,True,False,False,B3,High
IND,Large,Business_Products,IND,,,,Name32771,True,True,False,Caa/C,High
IND,Large,Business_Products,IND,,,,Name32772,False,True,False,Caa/C,Severe
IND,Large,Business_Products,IND,,,,Name32773,True,True,False,Ba2,Medium
IND,Large,Business_Products,IND,,,,Name32774,True,False,False,Caa/C,Severe
IND,Large,Business_Products,IND,,,,Name32775,True,False,False,Aa3,Medium
IND,Large,Business_Products,IND,,,,Name32776,True,False,False,Ba3,High
IND,Large,Business_Products,IND,,,,Name32777,True,False,False,B2,High
IND,Large,Business_Products,IND,,,,Name32780,False,True,True,Baa2,Severe
IND,Large,Business_Products,IND,,,,Name32781,False,True,False,Baa1,Low
IND,Large,Business_Products,IND,,,,Name32782,True,True,False,Ba2,Low
IND,Large,Business_Products,IND,,,,Name32783,True,True,False,A3,Medium
IND,Large,Business_Products,IND,,,,Name32784,False,True,False,B3,High
IND,Large,Construction,IND,,,,Name32786,False,True,True,A2,Medium
IND,Large,Construction,IND,,,,Name32787,False,True,False,Baa3,Severe
IND,Large,Construction,IND,,,,Name32788,False,True,True,B2,High
IND,Large,Construction,IND,,,,Name32790,True,False,False,B2,Low
IND,Large,Construction,IND,,,,Name32792,True,False,False,Aa1,Severe
IND,Large,Construction,IND,,,,Name32793,False,True,True,Baa3,Severe
IND,Large,Construction,IND,,,,Name32794,False,True,True,Baa2,Low
IND,Large,Construction,IND,,,,Name32795,False,True,False,A1,Severe
IND,Large,Construction,IND,,,,Name32796,True,False,False,Baa3,Medium
IND,Large,Construction,IND,,,,Name32797,True,True,False,A1,Low
IND,Large,Construction,IND,,,,Name32798,False,True,False,A1,Low
IND,Large,Construction,IND,,,,Name32799,True,False,False,Baa2,Low
IND,Large,Services,IND,,,,Name32801,False,False,True,Aa2,Medium
IND,Large,Services,IND,,,,Name32802,True,True,False,Aa2,Medium
IND,Large,Services,IND,,,,Name32803,False,False,True,Caa/C,Medium
IND,Large,Services,IND,,,,Name32804,False,True,False,Ba1,Severe
IND,Large,Services,IND,,,,Name32805,False,True,False,Ba3,High
IND,Large,Services,IND,,,,Name32806,True,True,False,Ba2,Medium
IND,Large,Services,IND,,,,Name32807,True,False,False,Aaa,Low
IND,Large,Services,IND,,,,Name32808,False,False,True,Ba2,Low
IND,Large,Services,IND,,,,Name32809,True,True,False,A1,Severe
IND,Large,Services,IND,,,,Name32810,True,True,False,Ba1,High
IND,Large,Services,IND,,,,Name32812,True,True,False,A2,Low
IND,Large,Services,IND,,,,Name32813,True,True,False,Ba2,Low
IND,Large,Services,IND,,,,Name32814,True,False,False,A1,Low
IND,Large,Services,IND,,,,Name32815,True,False,False,Aa1,Low
IND,Large,Services,IND,,,,Name32816,True,True,False,Caa/C,Low
IND,Large,Services,IND,,,,Name32817,True,True,False,Caa/C,Medium
IND,Large,Services,IND,,,,Name32818,False,False,True,Ba2,Medium
IND,Large,Services,IND,,,,Name32819,False,True,False,Aa3,Medium
IND,Large,Services,IND,,,,Name32820,False,True,True,Baa2,High
IND,Large,Services,IND,,,,Name32821,True,False,False,A3,Low
IND,Large,Services,IND,,,,Name32822,True,True,False,A2,Medium
IND,Large,Services,IND,,,,Name32823,True,True,False,Aa3,Medium
IND,Large,Services,IND,,,,Name32824,True,False,False,Aaa,Low
IND,Large,Services,IND,,,,Name32825,False,False,True,Baa2,Medium
IND,Large,Services,IND,,,,Name32826,True,False,False,A3,Medium
IND,Large,Services,IND,,,,Name32827,True,False,False,Baa2,Severe
IND,Large,Services,IND,,,,Name32828,False,False,True,B1,Medium
IND,Large,Services,IND,,,,Name32829,False,True,False,B3,Severe
IND,Large,Services,IND,,,,Name32832,False,True,True,A3,Medium
IND,Large,Services,IND,,,,Name32833,True,False,False,B1,High
IND,Large,Mining,IND,,,,Name32835,True,False,False,B2,Low
IND,Large,Mining,IND,,,,Name32836,True,False,False,Caa/C,Low
IND,Large,Mining,IND,,,,Name32837,True,False,False,Aa3,Severe
IND,Large,Mining,IND,,,,Name32839,True,False,False,B3,Severe
IND,Large,Mining,IND,,,,Name32840,False,False,True,Aa2,Severe
IND,Large,Mining,IND,,,,Name32841,True,False,False,A1,Low
IND,Large,Mining,IND,,,,Name32845,False,True,False,A2,Low
IND,Large,Mining,IND,,,,Name32846,True,False,False,Ba1,Low
IND,Large,Mining,IND,,,,Name32847,False,False,True,Baa2,Low
IND,Large,Mining,IND,,,,Name32848,True,False,False,Aa2,High
IND,Large,Mining,IND,,,,Name32849,False,False,True,Ba1,Low
IND,Large,Mining,IND,,,,Name32851,False,True,False,B2,High
IND,Large,Mining,IND,,,,Name32852,False,True,True,Aa1,Low
IND,Large,Mining,IND,,,,Name32853,True,True,False,A2,Medium
IND,Large,Mining,IND,,,,Name32854,True,True,False,A3,Low
IND,Large,Mining,IND,,,,Name32855,True,True,False,A1,Severe
IND,Large,Mining,IND,,,,Name32856,False,True,True,Ba1,Medium
IND,Large,Mining,IND,,,,Name32858,True,True,False,Ba1,High
IND,Large,Mining,IND,,,,Name32859,False,True,False,Ba2,Severe
IND,Large,Mining,IND,,,,Name32860,True,False,False,B2,Medium
IND,Large,Mining,IND,,,,Name32861,True,True,False,Ba1,Low
IND,Large,Mining,IND,,,,Name32862,True,False,False,Baa1,High
IND,Large,Mining,IND,,,,Name32863,True,True,False,A2,Medium
IND,Large,Mining,IND,,,,Name32865,False,True,True,Ba2,Low
IND,Large,Mining,IND,,,,Name32866,True,False,False,Baa1,Severe
IND,Large,Mining,IND,,,,Name32867,False,True,True,Aaa,Severe
IND,Large,Mining,IND,,,,Name32868,True,True,False,Ba3,Severe
IND,Large,Health_Care,IND,,,,Name32869,True,True,False,A1,Medium
IND,Large,Health_Care,IND,,,,Name32870,True,True,False,A2,Low
IND,Large,Health_Care,IND,,,,Name32871,False,False,True,Aaa,Low
IND,Large,Health_Care,IND,,,,Name32872,True,False,False,Aa3,Severe
IND,Large,Health_Care,IND,,,,Name32873,True,False,False,Ba3,High
IND,Large,Health_Care,IND,,,,Name32874,True,False,False,Caa/C,Low
IND,Large,EnergyExpL_Prod,IND,,,,Name32875,True,True,False,Aa1,High
IND,Large,EnergyExpL_Prod,IND,,,,Name32876,True,False,False,Baa3,Medium
IND,Large,EnergyExpL_Prod,IND,,,,Name32877,False,True,True,A3,High
IND,Large,EnergyExpL_Prod,IND,,,,Name32878,True,True,False,Aa2,Medium
IND,Large,EnergyExpL_Prod,IND,,,,Name32879,True,False,False,B3,Severe
IND,Large,EnergyExpL_Prod,IND,,,,Name32880,True,False,False,Aaa,Medium
IND,Large,EnergyExpL_Prod,IND,,,,Name32881,False,False,True,A3,Low
IND,Large,EnergyExpL_Prod,IND,,,,Name32882,False,True,True,Ba2,High
IND,Large,EnergyExpL_Prod,IND,,,,Name32883,True,True,False,A1,High
IND,Large,EnergyExpL_Prod,IND,,,,Name32884,True,True,False,Caa/C,Medium
IND,Large,EnergyExpL_Prod,IND,,,,Name32885,True,False,False,Baa3,Low
IND,Large,EnergyExpL_Prod,IND,,,,Name32887,False,True,False,Ba2,High
IND,Large,EnergyExpL_Prod,IND,,,,Name32888,False,True,False,A2,High
IND,Large,EnergyExpL_Prod,IND,,,,Name32890,False,True,True,Ba1,High
IND,Large,EnergyExpL_Prod,IND,,,,Name32891,True,True,False,Baa2,Severe
IND,Large,EnergyExpL_Prod,IND,,,,Name32893,True,True,False,Aa3,Low
IND,Large,EnergyExpL_Prod,IND,,,,Name32894,True,False,False,Aa2,Medium
IND,Large,EnergyExpL_Prod,IND,,,,Name32895,True,True,False,Ba3,Medium
IND,Large,EnergyExpL_Prod,IND,,,,Name32896,True,False,False,Ba3,Low
IND,Large,EnergyExpL_Prod,IND,,,,Name32897,False,True,True,A3,Medium
IND,Large,EnergyExpL_Prod,IND,,,,Name32900,True,False,False,Aa3,Medium
IND,Large,EnergyExpL_Prod,IND,,,,Name32901,True,True,False,A1,High
IND,Large,EnergyExpL_Prod,IND,,,,Name32902,True,True,False,Caa/C,High
IND,Large,EnergyExpL_Prod,IND,,,,Name32903,True,False,False,Ba2,Low
IND,Large,EnergyExpL_Prod,IND,,,,Name32904,False,True,True,Aa1,Severe
IND,Large,EnergyExpL_Prod,IND,,,,Name32905,False,False,True,Ba2,Low
IND,Large,EnergyExpL_Prod,IND,,,,Name32906,True,False,False,A1,High
IND,Large,Utilities,IND,,,,Name32907,True,False,False,A1,High
IND,Large,Utilities,IND,,,,Name32908,False,True,True,Aa3,Low
IND,Large,Utilities,IND,,,,Name32909,True,True,False,Ba3,Medium
IND,Large,Utilities,IND,,,,Name32910,False,True,False,A2,Low
IND,Large,Utilities,IND,,,,Name32911,False,True,False,Caa/C,Medium
IND,Large,Utilities,IND,,,,Name32912,True,True,False,Ba2,Severe
IND,Large,Utilities,IND,,,,Name32913,True,True,False,Baa2,Severe
IND,Large,Utilities,IND,,,,Name32914,False,True,False,Aa1,Low
IND,Large,Utilities,IND,,,,Name32915,False,False,True,A3,Severe
IND,Large,Utilities,IND,,,,Name32916,True,False,False,A2,Low
IND,Large,Utilities,IND,,,,Name32917,True,False,False,A2,High
IND,Large,Utilities,IND,,,,Name32918,False,True,False,B3,Severe
IND,Large,Utilities,IND,,,,Name32919,True,True,False,Ba2,Severe
IND,Large,Utilities,IND,,,,Name32920,True,False,False,A1,Low
IND,Large,Utilities,IND,,,,Name32921,True,False,False,Aaa,Low
IND,Large,Utilities,IND,,,,Name32922,True,True,False,Ba2,High
IND,Large,Utilities,IND,,,,Name32923,True,False,False,Ba1,Low
IND,Large,Utilities,IND,,,,Name32924,False,True,False,Ba2,Medium
IND,Large,Utilities,IND,,,,Name32927,True,False,False,Aa3,High
IND,Large,Utilities,IND,,,,Name32928,False,True,True,B2,Severe
IND,Large,Utilities,IND,,,,Name32929,True,False,False,B1,High
IND,Large,Utilities,IND,,,,Name32930,False,False,True,Aa3,Severe
IND,Large,Utilities,IND,,,,Name32931,False,False,True,A1,Medium
IND,Large,Utilities,IND,,,,Name32932,False,True,True,A1,Severe
IND,Medium,HiTech,IND,,,,Name32936,False,True,True,Ba2,Medium
IND,Medium,HiTech,IND,,,,Name32937,True,True,False,B3,Severe
IND,Medium,HiTech,IND,,,,Name32939,True,False,False,Aa2,High
IND,Medium,HiTech,IND,,,,Name32940,True,False,False,B2,High
IND,Medium,HiTech,IND,,,,Name32941,True,False,False,Baa3,High
IND,Medium,HiTech,IND,,,,Name32942,True,False,False,Ba3,Low
IND,Medium,HiTech,IND,,,,Name32943,False,True,False,A3,Severe
IND,Medium,HiTech,IND,,,,Name32944,True,True,False,Aaa,Low
IND,Medium,HiTech,IND,,,,Name32945,False,True,True,Ba1,High
IND,Medium,HiTech,IND,,,,Name32946,True,True,False,Ba1,Medium
IND,Medium,HiTech,IND,,,,Name32948,True,True,False,B2,High
IND,Medium,HiTech,IND,,,,Name32949,False,True,True,Aa2,Medium
IND,Medium,HiTech,IND,,,,Name32950,False,True,True,Ba1,High
IND,Medium,HiTech,IND,,,,Name32953,True,False,False,Ba1,High
IND,Medium,HiTech,IND,,,,Name32954,False,True,True,Baa3,Severe
IND,Medium,HiTech,IND,,,,Name32955,True,True,False,Aa2,Severe
IND,Medium,HiTech,IND,,,,Name32956,True,False,False,Aa3,High
IND,Medium,HiTech,IND,,,,Name32957,True,True,False,B2,Medium
IND,Medium,HiTech,IND,,,,Name32958,True,False,False,A3,Severe
IND,Medium,HiTech,IND,,,,Name32959,True,True,False,Baa1,Medium
IND,Medium,HiTech,IND,,,,Name32960,False,False,True,Aaa,Severe
IND,Medium,HiTech,IND,,,,Name32961,True,False,False,A2,Medium
IND,Medium,Agriculture,IND,,,,Name32962,False,True,True,A3,Medium
IND,Medium,Agriculture,IND,,,,Name32963,True,False,False,Aa3,Medium
IND,Medium,Agriculture,IND,,,,Name32964,False,True,False,B1,High
IND,Medium,Agriculture,IND,,,,Name32965,False,True,False,B2,Low
IND,Medium,Agriculture,IND,,,,Name32966,False,True,False,B2,Low
IND,Medium,Agriculture,IND,,,,Name32967,False,True,True,Ba2,Severe
IND,Medium,Agriculture,IND,,,,Name32968,False,True,True,Aa3,High
IND,Medium,Agriculture,IND,,,,Name32969,False,False,True,A1,Medium
IND,Medium,Agriculture,IND,,,,Name32970,True,True,False,Aaa,Severe
IND,Medium,Agriculture,IND,,,,Name32971,True,False,False,Baa3,Low
IND,Medium,Agriculture,IND,,,,Name32972,True,True,False,Ba3,Severe
IND,Medium,Agriculture,IND,,,,Name32973,False,True,False,Aa1,High
IND,Medium,Agriculture,IND,,,,Name32974,True,False,False,Baa3,Severe
IND,Medium,Agriculture,IND,,,,Name32975,True,False,False,A2,Low
IND,Medium,Agriculture,IND,,,,Name32976,True,False,False,Aa2,High
IND,Medium,Agriculture,IND,,,,Name32977,True,False,False,Ba2,Medium
IND,Medium,Agriculture,IND,,,,Name32980,True,False,False,Baa1,Low
IND,Medium,Agriculture,IND,,,,Name32981,False,True,True,A2,Medium
IND,Medium,Agriculture,IND,,,,Name32982,False,True,True,Ba1,Low
IND,Medium,Agriculture,IND,,,,Name32983,True,False,False,Ba1,Severe
IND,Medium,Agriculture,IND,,,,Name32984,False,True,False,Caa/C,Low
IND,Medium,Agriculture,IND,,,,Name32985,True,True,False,B2,Low
IND,Medium,Agriculture,IND,,,,Name32986,False,False,True,Aaa,Severe
IND,Medium,Agriculture,IND,,,,Name32987,False,True,True,Baa2,Medium
IND,Medium,Agriculture,IND,,,,Name32988,False,True,False,Aaa,Medium
IND,Medium,Agriculture,IND,,,,Name32989,False,True,False,B2,Medium
IND,Medium,Transportation,IND,,,,Name32991,True,True,False,Aa2,Low
IND,Medium,Transportation,IND,,,,Name32992,True,False,False,A3,Low
IND,Medium,Transportation,IND,,,,Name32993,False,True,True,Ba1,Low
IND,Medium,Transportation,IND,,,,Name32994,True,True,False,B3,Low
IND,Medium,Transportation,IND,,,,Name32995,False,False,True,B3,Medium
IND,Medium,Transportation,IND,,,,Name32996,True,False,False,Aa1,Severe
IND,Medium,Transportation,IND,,,,Name32997,False,True,False,B1,Severe
IND,Medium,Transportation,IND,,,,Name32998,False,True,False,Aa3,Medium
IND,Medium,Transportation,IND,,,,Name32999,False,True,False,Aa2,Severe
IND,Medium,Transportation,IND,,,,Name33001,True,True,False,B1,High
IND,Medium,Transportation,IND,,,,Name33002,True,True,False,Ba1,Severe
IND,Medium,Transportation,IND,,,,Name33004,True,True,False,A1,Low
IND,Medium,Transportation,IND,,,,Name33005,True,True,False,Baa1,Medium
IND,Medium,Transportation,IND,,,,Name33006,False,True,True,Baa2,Low
IND,Medium,Transportation,IND,,,,Name33007,False,False,True,Aa2,Severe
IND,Medium,Transportation,IND,,,,Name33008,True,False,False,A3,Medium
IND,Medium,Transportation,IND,,,,Name33009,True,True,False,Baa2,Medium
IND,Medium,Transportation,IND,,,,Name33010,True,False,False,Baa2,High
IND,Medium,Transportation,IND,,,,Name33011,False,True,False,Baa1,Medium
IND,Medium,Transportation,IND,,,,Name33012,True,False,False,Caa/C,Medium
IND,Medium,Transportation,IND,,,,Name33013,True,False,False,B3,High
IND,Medium,Transportation,IND,,,,Name33014,True,True,False,Ba2,Low
IND,Medium,Transportation,IND,,,,Name33015,True,True,False,Baa2,Severe
IND,Medium,Transportation,IND,,,,Name33016,False,True,False,Aa1,Severe
IND,Medium,Transportation,IND,,,,Name33017,True,True,False,A2,Low
IND,Medium,Consumer_Products,IND,,,,Name33019,True,False,False,Ba2,Low
IND,Medium,Consumer_Products,IND,,,,Name33020,True,False,False,Aa3,Severe
IND,Medium,Consumer_Products,IND,,,,Name33021,True,False,False,B2,Low
IND,Medium,Consumer_Products,IND,,,,Name33022,True,False,False,A2,Medium
IND,Medium,Consumer_Products,IND,,,,Name33023,True,True,False,Baa1,High
IND,Medium,Unassigned,IND,,,,Name33025,False,False,True,Aa2,High
IND,Medium,Unassigned,IND,,,,Name33026,False,True,False,Baa3,High
IND,Medium,Unassigned,IND,,,,Name33027,False,False,True,Baa3,Low
IND,Medium,Unassigned,IND,,,,Name33028,True,True,False,Baa2,High
IND,Medium,Unassigned,IND,,,,Name33029,False,True,False,B3,Medium
IND,Medium,Unassigned,IND,,,,Name33030,True,True,False,Baa3,Severe
IND,Medium,Unassigned,IND,,,,Name33031,True,True,False,Aaa,High
IND,Medium,Unassigned,IND,,,,Name33032,False,True,False,Aaa,Severe
IND,Medium,Unassigned,IND,,,,Name33033,True,False,False,Baa1,Low
IND,Medium,Unassigned,IND,,,,Name33034,True,True,False,A2,High
IND,Medium,Unassigned,IND,,,,Name33035,False,True,True,B1,Medium
IND,Medium,Unassigned,IND,,,,Name33036,False,True,False,A2,Medium
IND,Medium,Unassigned,IND,,,,Name33037,True,True,False,Aa1,Medium
IND,Medium,Unassigned,IND,,,,Name33038,True,False,False,Ba1,Medium
IND,Medium,Unassigned,IND,,,,Name33039,False,True,True,Baa3,High
IND,Medium,Unassigned,IND,,,,Name33040,False,False,True,Aa2,High
IND,Medium,Unassigned,IND,,,,Name33041,True,False,False,Ba1,Medium
IND,Medium,Unassigned,IND,,,,Name33042,False,True,True,Baa3,Severe
IND,Medium,Unassigned,IND,,,,Name33044,False,False,True,B3,Medium
IND,Medium,Unassigned,IND,,,,Name33045,False,True,False,A1,Low
IND,Medium,Communication,IND,,,,Name33046,False,True,False,Baa2,High
IND,Medium,Communication,IND,,,,Name33047,False,True,True,Ba1,Severe
IND,Medium,Communication,IND,,,,Name33048,False,True,True,Baa3,Low
IND,Medium,Communication,IND,,,,Name33049,False,False,True,Baa3,Low
IND,Medium,Communication,IND,,,,Name33050,True,True,False,B2,Severe
IND,Medium,Communication,IND,,,,Name33052,True,False,False,B3,High
IND,Medium,Communication,IND,,,,Name33053,False,True,False,Baa1,Low
IND,Medium,Communication,IND,,,,Name33054,True,True,False,Ba3,High
IND,Medium,Communication,IND,,,,Name33057,True,False,False,Aa1,Severe
IND,Medium,Communication,IND,,,,Name33058,True,False,False,B1,Severe
IND,Medium,Communication,IND,,,,Name33061,True,False,False,Baa2,Medium
IND,Medium,Communication,IND,,,,Name33062,False,True,True,B3,High
IND,Medium,Communication,IND,,,,Name33063,True,False,False,B2,Medium
IND,Medium,Communication,IND,,,,Name33064,False,True,False,Ba1,High
IND,Medium,Communication,IND,,,,Name33065,True,False,False,Baa1,Low
IND,Medium,Communication,IND,,,,Name33066,True,True,False,B2,Low
IND,Medium,Communication,IND,,,,Name33067,True,True,False,B3,Low
IND,Medium,Communication,IND,,,,Name33069,False,False,True,Baa3,Medium
IND,Medium,Communication,IND,,,,Name33070,False,True,False,B3,Severe
IND,Medium,Communication,IND,,,,Name33071,True,True,False,B2,High
IND,Medium,Communication,IND,,,,Name33073,True,True,False,Baa2,Low
IND,Medium,Communication,IND,,,,Name33074,True,False,False,Baa3,Severe
IND,Medium,Communication,IND,,,,Name33075,False,True,False,Aa2,Low
IND,Medium,Communication,IND,,,,Name33076,False,True,False,Ba1,Severe
IND,Medium,Communication,IND,,,,Name33078,False,True,False,Baa1,Severe
IND,Medium,Communication,IND,,,,Name33079,True,False,False,Ba3,Severe
IND,Medium,Communication,IND,,,,Name33080,True,True,False,B2,Medium
IND,Medium,Communication,IND,,,,Name33084,False,True,True,Baa1,Medium
IND,Medium,Communication,IND,,,,Name33085,True,False,False,Aa1,High
IND,Medium,Communication,IND,,,,Name33087,True,True,False,Aa2,High
IND,Medium,Communication,IND,,,,Name33088,True,False,False,Baa3,Low
IND,Medium,Communication,IND,,,,Name33089,True,True,False,B2,High
IND,Medium,Communication,IND,,,,Name33090,True,False,False,A1,Severe
IND,Medium,Communication,IND,,,,Name33091,False,True,True,Aaa,Severe
IND,Medium,Trade,IND,,,,Name33092,True,True,False,Aaa,High
IND,Medium,Trade,IND,,,,Name33093,False,False,True,Ba3,Medium
IND,Medium,Trade,IND,,,,Name33094,True,False,False,Ba3,High
IND,Medium,Trade,IND,,,,Name33095,True,True,False,Baa3,Medium
IND,Medium,Trade,IND,,,,Name33096,False,True,False,A1,Low
IND,Medium,Trade,IND,,,,Name33098,True,False,False,B2,Low
IND,Medium,Trade,IND,,,,Name33099,True,True,False,Ba1,High
IND,Medium,Trade,IND,,,,Name33100,True,True,False,Ba3,Severe
IND,Medium,Trade,IND,,,,Name33101,True,False,False,Aaa,High
IND,Medium,Trade,IND,,,,Name33102,False,True,True,A2,Severe
IND,Medium,Trade,IND,,,,Name33103,True,True,False,A2,Low
IND,Medium,Trade,IND,,,,Name33104,False,False,True,Aa1,Severe
IND,Medium,Trade,IND,,,,Name33105,True,True,False,Caa/C,High
IND,Medium,Trade,IND,,,,Name33106,False,True,True,B3,High
IND,Medium,Trade,IND,,,,Name33107,True,False,False,B1,Severe
IND,Medium,Trade,IND,,,,Name33108,True,False,False,Ba3,Medium
IND,Medium,Trade,IND,,,,Name33109,False,False,True,Ba2,Medium
IND,Medium,Trade,IND,,,,Name33111,False,True,False,Aaa,High
IND,Medium,Trade,IND,,,,Name33112,False,False,True,B3,Severe
IND,Medium,Trade,IND,,,,Name33113,True,False,False,Aa3,High
IND,Medium,Trade,IND,,,,Name33114,True,True,False,Baa1,Severe
IND,Medium,Trade,IND,,,,Name33116,True,True,False,Aaa,Medium
IND,Medium,Trade,IND,,,,Name33118,True,False,False,B3,Severe
IND,Medium,Trade,IND,,,,Name33120,True,True,False,B3,High
IND,Medium,Business_Services,IND,,,,Name33121,False,False,True,Baa1,High
IND,Medium,Business_Services,IND,,,,Name33122,False,True,False,Ba3,Low
IND,Medium,Business_Services,IND,,,,Name33125,True,False,False,Baa3,Low
IND,Medium,Business_Services,IND,,,,Name33126,True,True,False,B3,High
IND,Medium,Business_Services,IND,,,,Name33127,False,False,True,B2,Severe
IND,Medium,Business_Services,IND,,,,Name33128,True,False,False,Baa2,High
IND,Medium,Business_Services,IND,,,,Name33129,False,True,False,Aaa,Medium
IND,Medium,Business_Services,IND,,,,Name33130,False,True,True,Aa1,Severe
IND,Medium,Business_Services,IND,,,,Name33132,False,True,False,A2,Medium
IND,Medium,Business_Services,IND,,,,Name33133,True,True,False,Ba3,Severe
IND,Medium,Business_Products,IND,,,,Name33134,True,False,False,Ba1,Low
IND,Medium,Business_Products,IND,,,,Name33135,True,False,False,Baa1,High
IND,Medium,Business_Products,IND,,,,Name33136,False,True,True,Ba1,Medium
IND,Medium,Business_Products,IND,,,,Name33137,False,False,True,Aa2,Severe
IND,Medium,Business_Products,IND,,,,Name33139,False,True,False,A1,Medium
IND,Medium,Construction,IND,,,,Name33140,False,True,False,A3,Severe
IND,Medium,Construction,IND,,,,Name33141,True,True,False,Baa3,Medium
IND,Medium,Construction,IND,,,,Name33142,True,False,False,Aa2,High
IND,Medium,Construction,IND,,,,Name33143,True,False,False,A3,Low
IND,Medium,Construction,IND,,,,Name33144,False,True,True,B2,Low
IND,Medium,Construction,IND,,,,Name33145,True,True,False,Baa1,High
IND,Medium,Construction,IND,,,,Name33146,True,False,False,Baa1,Medium
IND,Medium,Construction,IND,,,,Name33147,True,False,False,Baa3,Medium
IND,Medium,Construction,IND,,,,Name33148,False,True,True,A1,Medium
IND,Medium,Construction,IND,,,,Name33149,True,False,False,Caa/C,Severe
IND,Medium,Construction,IND,,,,Name33150,True,True,False,Baa2,Low
IND,Medium,Construction,IND,,,,Name33151,True,False,False,Aa3,Low
IND,Medium,Construction,IND,,,,Name33152,True,False,False,A3,Low
IND,Medium,Construction,IND,,,,Name33153,True,True,False,Aa3,Medium
IND,Medium,Construction,IND,,,,Name33154,True,False,False,Ba1,Low
IND,Medium,Construction,IND,,,,Name33155,False,True,False,B1,High
IND,Medium,Construction,IND,,,,Name33157,False,True,False,A3,Severe
IND,Medium,Construction,IND,,,,Name33158,True,False,False,A1,Severe
IND,Medium,Construction,IND,,,,Name33160,True,True,False,Baa1,High
IND,Medium,Construction,IND,,,,Name33161,False,False,True,B2,Severe
IND,Medium,Construction,IND,,,,Name33162,True,False,False,A1,Low
IND,Medium,Construction,IND,,,,Name33163,True,True,False,B2,High
IND,Medium,Construction,IND,,,,Name33164,True,True,False,Caa/C,Severe
IND,Medium,Construction,IND,,,,Name33165,True,False,False,Baa1,Low
IND,Medium,Construction,IND,,,,Name33166,False,True,False,Aa2,Low
IND,Medium,Construction,IND,,,,Name33167,False,False,True,Baa1,High
IND,Medium,Construction,IND,,,,Name33168,False,False,True,B1,High
IND,Medium,Construction,IND,,,,Name33170,False,False,True,Ba3,Low
IND,Medium,Construction,IND,,,,Name33171,False,False,True,Ba3,Low
IND,Medium,Construction,IND,,,,Name33172,True,False,False,Baa3,Severe
IND,Medium,Construction,IND,,,,Name33173,True,False,False,Aa3,Low
IND,Medium,Construction,IND,,,,Name33174,True,False,False,Aa1,Medium
IND,Medium,Construction,IND,,,,Name33175,False,False,True,Aa1,Medium
IND,Medium,Construction,IND,,,,Name33176,True,False,False,Ba3,Low
IND,Medium,Services,IND,,,,Name33177,False,True,False,Caa/C,Severe
IND,Medium,Services,IND,,,,Name33178,False,True,True,Ba3,High
IND,Medium,Services,IND,,,,Name33179,False,True,False,Ba1,Severe
IND,Medium,Services,IND,,,,Name33180,True,False,False,Baa2,High
IND,Medium,Services,IND,,,,Name33181,False,True,False,Baa3,Severe
IND,Medium,Services,IND,,,,Name33182,True,False,False,B1,High
IND,Medium,Services,IND,,,,Name33184,False,False,True,Baa1,Severe
IND,Medium,Services,IND,,,,Name33186,True,False,False,Ba1,Low
IND,Medium,Services,IND,,,,Name33188,True,True,False,Aaa,Low
IND,Medium,Services,IND,,,,Name33189,False,True,False,B1,Severe
IND,Medium,Services,IND,,,,Name33190,False,True,False,A1,Severe
IND,Medium,Services,IND,,,,Name33191,True,False,False,Ba1,High
IND,Medium,Services,IND,,,,Name33192,True,True,False,Aa2,Medium
IND,Medium,Services,IND,,,,Name33194,True,False,False,Baa3,Low
IND,Medium,Services,IND,,,,Name33195,True,True,False,A1,Medium
IND,Medium,Services,IND,,,,Name33196,False,True,True,Aaa,Low
IND,Medium,Services,IND,,,,Name33197,False,True,True,Baa3,Medium
IND,Medium,Services,IND,,,,Name33198,True,False,False,Aa3,Low
IND,Medium,Services,IND,,,,Name33199,False,True,False,Baa3,Medium
IND,Medium,Services,IND,,,,Name33200,True,False,False,A2,High
IND,Medium,Services,IND,,,,Name33201,True,False,False,Aa1,Severe
IND,Medium,Services,IND,,,,Name33202,True,False,False,B3,High
IND,Medium,Services,IND,,,,Name33204,False,False,True,A2,Severe
IND,Medium,Services,IND,,,,Name33205,True,True,False,A1,Severe
IND,Medium,Services,IND,,,,Name33207,True,True,False,A2,High
IND,Medium,Services,IND,,,,Name33208,True,False,False,Caa/C,Severe
IND,Medium,Services,IND,,,,Name33209,True,True,False,B1,Low
IND,Medium,Mining,IND,,,,Name33212,True,True,False,Aa2,High
IND,Medium,Mining,IND,,,,Name33213,True,False,False,Aa2,Medium
IND,Medium,Mining,IND,,,,Name33214,False,True,False,Ba3,Low
IND,Medium,Mining,IND,,,,Name33216,True,True,False,Ba1,Medium
IND,Medium,Mining,IND,,,,Name33218,False,True,True,Ba1,Severe
IND,Medium,Mining,IND,,,,Name33219,False,True,True,Ba1,Low
IND,Medium,Mining,IND,,,,Name33220,False,True,False,Ba3,Low
IND,Medium,Mining,IND,,,,Name33221,False,False,True,Baa1,High
IND,Medium,Mining,IND,,,,Name33222,True,True,False,B3,Low
IND,Medium,Mining,IND,,,,Name33224,True,False,False,Ba2,Low
IND,Medium,Mining,IND,,,,Name33225,False,True,True,A3,Medium
IND,Medium,Mining,IND,,,,Name33226,False,True,False,B2,Severe
IND,Medium,Mining,IND,,,,Name33227,True,False,False,Aa2,Low
IND,Medium,Mining,IND,,,,Name33229,True,False,False,Aaa,High
IND,Medium,Mining,IND,,,,Name33230,True,False,False,Aaa,High
IND,Medium,Mining,IND,,,,Name33231,False,True,False,Caa/C,Medium
IND,Medium,Mining,IND,,,,Name33232,True,False,False,Aa2,Severe
IND,Medium,Mining,IND,,,,Name33233,False,True,True,Aa2,High
IND,Medium,Mining,IND,,,,Name33235,True,True,False,Caa/C,Medium
IND,Medium,Mining,IND,,,,Name33236,True,False,False,Aa2,Low
IND,Medium,Mining,IND,,,,Name33237,True,False,False,B2,High
IND,Medium,Mining,IND,,,,Name33238,True,False,False,B2,Low
IND,Medium,Mining,IND,,,,Name33239,True,True,False,Baa2,High
IND,Medium,Mining,IND,,,,Name33240,True,True,False,B2,High
IND,Medium,Mining,IND,,,,Name33241,False,True,True,Baa3,Severe
IND,Medium,Mining,IND,,,,Name33242,True,True,False,Baa2,Low
IND,Medium,Mining,IND,,,,Name33243,True,False,False,Aa1,Severe
IND,Medium,Mining,IND,,,,Name33244,True,False,False,Ba2,High
IND,Medium,Mining,IND,,,,Name33245,False,False,True,B2,High
IND,Medium,Mining,IND,,,,Name33246,False,True,True,Ba2,Medium
IND,Medium,Mining,IND,,,,Name33247,True,True,False,Aa1,Severe
IND,Medium,Mining,IND,,,,Name33248,True,False,False,Baa3,Severe
IND,Medium,Mining,IND,,,,Name33249,True,False,False,Caa/C,Medium
IND,Medium,Mining,IND,,,,Name33250,False,False,True,Aa3,Severe
IND,Medium,Health_Care,IND,,,,Name33251,False,False,True,Ba2,Low
IND,Medium,Health_Care,IND,,,,Name33252,True,True,False,Aaa,Low
IND,Medium,Health_Care,IND,,,,Name33253,True,True,False,Ba3,High
IND,Medium,Health_Care,IND,,,,Name33254,False,False,True,Baa3,Low
IND,Medium,Health_Care,IND,,,,Name33256,False,True,False,A3,Medium
IND,Medium,Health_Care,IND,,,,Name33257,False,True,True,B2,Medium
IND,Medium,Health_Care,IND,,,,Name33258,False,True,False,Baa3,Low
IND,Medium,Health_Care,IND,,,,Name33259,True,True,False,A1,Severe
IND,Medium,Health_Care,IND,,,,Name33260,False,True,True,Aa2,Low
IND,Medium,Health_Care,IND,,,,Name33261,False,True,False,Caa/C,Medium
IND,Medium,Health_Care,IND,,,,Name33262,False,False,True,Baa1,Severe
IND,Medium,Health_Care,IND,,,,Name33263,False,True,False,B1,Low
IND,Medium,Health_Care,IND,,,,Name33264,False,True,False,A1,Severe
IND,Medium,Health_Care,IND,,,,Name33265,True,True,False,Aaa,Severe
IND,Medium,Health_Care,IND,,,,Name33266,True,False,False,A1,Severe
IND,Medium,Health_Care,IND,,,,Name33268,True,True,False,Ba3,Medium
IND,Medium,Health_Care,IND,,,,Name33269,True,True,False,A1,Medium
IND,Medium,Health_Care,IND,,,,Name33270,True,True,False,B2,High
IND,Medium,Health_Care,IND,,,,Name33271,True,True,False,B2,Medium
IND,Medium,Health_Care,IND,,,,Name33272,True,False,False,A1,Severe
IND,Medium,Health_Care,IND,,,,Name33273,True,False,False,Ba3,High
IND,Medium,Health_Care,IND,,,,Name33274,True,True,False,A2,Severe
IND,Medium,Health_Care,IND,,,,Name33275,True,True,False,B1,Severe
IND,Medium,EnergyExpL_Prod,IND,,,,Name33276,True,True,False,B2,Medium
IND,Medium,EnergyExpL_Prod,IND,,,,Name33277,True,False,False,Baa3,Medium
IND,Medium,EnergyExpL_Prod,IND,,,,Name33278,False,True,True,Aa3,Medium
IND,Medium,EnergyExpL_Prod,IND,,,,Name33279,False,True,True,A1,Medium
IND,Medium,EnergyExpL_Prod,IND,,,,Name33280,True,True,False,Aa3,High
IND,Medium,EnergyExpL_Prod,IND,,,,Name33281,False,False,True,A1,Medium
IND,Medium,EnergyExpL_Prod,IND,,,,Name33282,True,True,False,Aaa,Severe
IND,Medium,EnergyExpL_Prod,IND,,,,Name33283,True,True,False,A1,Low
IND,Medium,EnergyExpL_Prod,IND,,,,Name33284,False,True,False,A2,Severe
IND,Medium,EnergyExpL_Prod,IND,,,,Name33285,True,False,False,Aa1,Severe
IND,Medium,EnergyExpL_Prod,IND,,,,Name33286,False,False,True,Aaa,Medium
IND,Medium,EnergyExpL_Prod,IND,,,,Name33287,True,True,False,Caa/C,Severe
IND,Medium,EnergyExpL_Prod,IND,,,,Name33288,True,True,False,A1,High
IND,Medium,Utilities,IND,,,,Name33289,True,True,False,Ba1,High
IND,Medium,Utilities,IND,,,,Name33291,True,False,False,Aa1,Severe
IND,Medium,Utilities,IND,,,,Name33292,True,False,False,Caa/C,High
IND,Medium,Utilities,IND,,,,Name33293,False,False,True,Ba1,High
IND,Medium,Utilities,IND,,,,Name33294,False,True,False,A1,High
IND,Medium,Utilities,IND,,,,Name33295,True,True,False,Ba1,Severe
IND,Medium,Utilities,IND,,,,Name33296,False,True,False,Aa2,High
IND,Medium,Utilities,IND,,,,Name33297,True,True,False,Aaa,Severe
IND,Medium,Utilities,IND,,,,Name33298,False,False,True,Caa/C,Medium
IND,Medium,Utilities,IND,,,,Name33299,False,False,True,Ba3,Severe
IND,Medium,Utilities,IND,,,,Name33300,False,True,True,A1,Medium
IND,Medium,Utilities,IND,,,,Name33301,False,False,True,B3,Severe
IND,Medium,Utilities,IND,,,,Name33302,True,True,False,Baa2,Severe
IND,Small,HiTech,IND,,,,Name33303,True,True,False,Aa1,Severe
IND,Small,HiTech,IND,,,,Name33304,False,True,False,Caa/C,Severe
IND,Small,HiTech,IND,,,,Name33305,True,False,False,B1,Severe
IND,Small,HiTech,IND,,,,Name33306,True,False,False,Baa2,Low
IND,Small,HiTech,IND,,,,Name33307,True,False,False,Aa3,High
IND,Small,HiTech,IND,,,,Name33308,True,False,False,A1,Medium
IND,Small,HiTech,IND,,,,Name33309,True,True,False,Aa3,Severe
IND,Small,HiTech,IND,,,,Name33310,True,True,False,Baa1,Severe
IND,Small,HiTech,IND,,,,Name33311,True,False,False,B3,Severe
IND,Small,HiTech,IND,,,,Name33312,False,False,True,Aa3,Low
IND,Small,HiTech,IND,,,,Name33314,True,False,False,Caa/C,Medium
IND,Small,HiTech,IND,,,,Name33315,True,False,False,Aa1,Low
IND,Small,HiTech,IND,,,,Name33316,True,False,False,Aaa,Medium
IND,Small,HiTech,IND,,,,Name33317,False,True,True,Aa1,Severe
IND,Small,HiTech,IND,,,,Name33318,True,True,False,B3,Medium
IND,Small,HiTech,IND,,,,Name33319,False,True,False,A1,Medium
IND,Small,HiTech,IND,,,,Name33320,False,True,True,A3,Medium
IND,Small,HiTech,IND,,,,Name33322,False,True,True,Baa2,Medium
IND,Small,HiTech,IND,,,,Name33323,True,False,False,B2,Severe
IND,Small,HiTech,IND,,,,Name33325,True,True,False,B1,High
IND,Small,HiTech,IND,,,,Name33326,True,False,False,B1,Medium
IND,Small,HiTech,IND,,,,Name33327,True,True,False,B3,Low
IND,Small,HiTech,IND,,,,Name33329,False,True,True,Ba1,Medium
IND,Small,HiTech,IND,,,,Name33330,False,False,True,A1,Low
IND,Small,HiTech,IND,,,,Name33331,True,False,False,Aa2,Medium
IND,Small,HiTech,IND,,,,Name33332,True,True,False,Baa1,High
IND,Small,HiTech,IND,,,,Name33333,False,True,False,A2,High
IND,Small,HiTech,IND,,,,Name33335,True,False,False,Ba3,High
IND,Small,HiTech,IND,,,,Name33336,True,False,False,A1,Low
IND,Small,HiTech,IND,,,,Name33338,True,False,False,Baa1,High
IND,Small,HiTech,IND,,,,Name33339,True,False,False,A1,Medium
IND,Small,HiTech,IND,,,,Name33340,True,True,False,B3,Medium
IND,Small,HiTech,IND,,,,Name33341,True,False,False,Baa1,Low
IND,Small,HiTech,IND,,,,Name33345,True,True,False,Ba1,Medium
IND,Small,HiTech,IND,,,,Name33346,True,False,False,Aa2,High
IND,Small,Agriculture,IND,,,,Name33347,False,True,True,Ba2,Medium
IND,Small,Agriculture,IND,,,,Name33348,True,True,False,Caa/C,Severe
IND,Small,Agriculture,IND,,,,Name33349,False,False,True,Baa2,Low
IND,Small,Agriculture,IND,,,,Name33350,True,False,False,B1,Low
IND,Small,Agriculture,IND,,,,Name33351,False,True,False,Caa/C,Severe
IND,Small,Agriculture,IND,,,,Name33352,True,False,False,A1,Severe
IND,Small,Agriculture,IND,,,,Name33353,True,False,False,Aaa,Medium
IND,Small,Agriculture,IND,,,,Name33354,True,False,False,B2,High
IND,Small,Agriculture,IND,,,,Name33355,False,False,True,B1,Severe
IND,Small,Agriculture,IND,,,,Name33356,False,True,True,Aa2,Medium
IND,Small,Agriculture,IND,,,,Name33357,False,True,False,A1,Medium
IND,Small,Agriculture,IND,,,,Name33358,False,True,False,Ba1,Severe
IND,Small,Agriculture,IND,,,,Name33360,False,False,True,Baa1,High
IND,Small,Agriculture,IND,,,,Name33361,False,True,False,B2,Low
IND,Small,Agriculture,IND,,,,Name33362,True,False,False,Aa3,Low
IND,Small,Agriculture,IND,,,,Name33364,True,True,False,Aaa,Low
IND,Small,Agriculture,IND,,,,Name33365,True,False,False,Aa2,Low
IND,Small,Agriculture,IND,,,,Name33366,False,True,True,A2,Medium
IND,Small,Agriculture,IND,,,,Name33367,True,False,False,B3,Severe
IND,Small,Agriculture,IND,,,,Name33368,True,False,False,Baa2,Low
IND,Small,Transportation,IND,,,,Name33373,True,False,False,Aa3,Low
IND,Small,Transportation,IND,,,,Name33374,True,False,False,Baa3,Medium
IND,Small,Transportation,IND,,,,Name33375,True,True,False,Caa/C,Low
IND,Small,Transportation,IND,,,,Name33376,True,False,False,B3,Medium
IND,Small,Transportation,IND,,,,Name33377,True,False,False,B2,Medium
IND,Small,Transportation,IND,,,,Name33378,True,False,False,Baa1,Medium
IND,Small,Consumer_Products,IND,,,,Name33379,False,False,True,Aa2,Low
IND,Small,Consumer_Products,IND,,,,Name33380,False,True,False,Aa2,Low
IND,Small,Consumer_Products,IND,,,,Name33382,False,True,False,Caa/C,Low
IND,Small,Consumer_Products,IND,,,,Name33383,False,True,True,Aa1,Low
IND,Small,Consumer_Products,IND,,,,Name33384,False,True,True,A1,Low
IND,Small,Consumer_Products,IND,,,,Name33385,True,True,False,B3,High
IND,Small,Consumer_Products,IND,,,,Name33386,True,True,False,A2,High
IND,Small,Consumer_Products,IND,,,,Name33388,False,False,True,Aa3,Medium
IND,Small,Consumer_Products,IND,,,,Name33390,False,False,True,Aa2,High
IND,Small,Consumer_Products,IND,,,,Name33391,False,False,True,B1,Medium
IND,Small,Consumer_Products,IND,,,,Name33392,True,False,False,A2,Medium
IND,Small,Consumer_Products,IND,,,,Name33393,True,False,False,B2,Severe
IND,Small,Consumer_Products,IND,,,,Name33396,False,True,False,Ba1,Low
IND,Small,Consumer_Products,IND,,,,Name33397,True,True,False,Ba1,Low
IND,Small,Consumer_Products,IND,,,,Name33398,True,False,False,Aa3,Low
IND,Small,Consumer_Products,IND,,,,Name33399,False,False,True,A1,Medium
IND,Small,Unassigned,IND,,,,Name33400,False,False,True,A3,Medium
IND,Small,Unassigned,IND,,,,Name33403,True,False,False,Aaa,Low
IND,Small,Unassigned,IND,,,,Name33404,True,True,False,Baa3,High
IND,Small,Unassigned,IND,,,,Name33405,False,True,False,B2,Severe
IND,Small,Unassigned,IND,,,,Name33406,False,True,False,Aa2,High
IND,Small,Unassigned,IND,,,,Name33407,False,True,True,Baa1,High
IND,Small,Unassigned,IND,,,,Name33408,True,True,False,A2,High
IND,Small,Unassigned,IND,,,,Name33410,True,True,False,A1,Medium
IND,Small,Unassigned,IND,,,,Name33411,True,True,False,B3,High
IND,Small,Unassigned,IND,,,,Name33412,True,True,False,B3,High
IND,Small,Unassigned,IND,,,,Name33413,False,True,False,A2,Severe
IND,Small,Unassigned,IND,,,,Name33414,False,True,False,Ba2,Severe
IND,Small,Unassigned,IND,,,,Name33415,False,True,True,Ba1,Low
IND,Small,Unassigned,IND,,,,Name33416,True,False,False,B1,Severe
IND,Small,Unassigned,IND,,,,Name33417,True,True,False,Aaa,Severe
IND,Small,Unassigned,IND,,,,Name33418,False,True,False,Ba2,Medium
IND,Small,Unassigned,IND,,,,Name33419,True,False,False,B2,High
IND,Small,Unassigned,IND,,,,Name33420,True,True,False,Baa2,Severe
IND,Small,Unassigned,IND,,,,Name33421,True,True,False,Aa1,Medium
IND,Small,Unassigned,IND,,,,Name33422,False,True,False,Ba3,Severe
IND,Small,Unassigned,IND,,,,Name33423,True,False,False,Aa2,Severe
IND,Small,Unassigned,IND,,,,Name33424,True,False,False,Aa3,Low
IND,Small,Unassigned,IND,,,,Name33425,False,True,False,Baa1,Low
IND,Small,Unassigned,IND,,,,Name33427,False,False,True,Ba3,Low
IND,Small,Unassigned,IND,,,,Name33428,True,False,False,Caa/C,Medium
IND,Small,Unassigned,IND,,,,Name33429,False,True,False,A3,Severe
IND,Small,Unassigned,IND,,,,Name33430,True,False,False,Ba3,Low
IND,Small,Unassigned,IND,,,,Name33431,False,False,True,B2,High
IND,Small,Unassigned,IND,,,,Name33432,False,False,True,Baa2,High
IND,Small,Unassigned,IND,,,,Name33433,False,True,True,Baa1,High
IND,Small,Unassigned,IND,,,,Name33434,True,False,False,B1,Low
IND,Small,Unassigned,IND,,,,Name33436,True,True,False,Caa/C,Low
IND,Small,Unassigned,IND,,,,Name33437,False,True,False,Ba1,Medium
IND,Small,Unassigned,IND,,,,Name33438,False,True,False,Aa1,Low
IND,Small,Unassigned,IND,,,,Name33439,False,True,True,Aa2,Low
IND,Small,Unassigned,IND,,,,Name33440,False,True,True,B2,Severe
IND,Small,Unassigned,IND,,,,Name33441,False,True,False,Ba1,Severe
IND,Small,Unassigned,IND,,,,Name33443,False,False,True,Aa1,Severe
IND,Small,Unassigned,IND,,,,Name33444,True,True,False,B2,High
IND,Small,Unassigned,IND,,,,Name33446,False,True,False,Ba1,Low
IND,Small,Unassigned,IND,,,,Name33447,False,True,False,Aa1,High
IND,Small,Communication,IND,,,,Name33448,False,True,False,Aaa,Severe
IND,Small,Communication,IND,,,,Name33449,True,True,False,Caa/C,Low
IND,Small,Communication,IND,,,,Name33450,True,True,False,Aa3,Medium
IND,Small,Communication,IND,,,,Name33451,True,False,False,Ba2,High
IND,Small,Communication,IND,,,,Name33452,False,True,False,B3,High
IND,Small,Communication,IND,,,,Name33453,True,False,False,A3,High
IND,Small,Communication,IND,,,,Name33454,False,False,True,B2,Medium
IND,Small,Communication,IND,,,,Name33455,False,True,False,Ba1,Severe
IND,Small,Communication,IND,,,,Name33456,False,True,False,Baa1,Medium
IND,Small,Communication,IND,,,,Name33457,True,False,False,Aa1,Low
IND,Small,Communication,IND,,,,Name33458,False,True,False,Aa3,Severe
IND,Small,Communication,IND,,,,Name33459,True,False,False,A1,Severe
IND,Small,Communication,IND,,,,Name33460,False,True,False,Ba3,Medium
IND,Small,Communication,IND,,,,Name33461,False,True,False,Baa3,Medium
IND,Small,Communication,IND,,,,Name33462,False,False,True,Baa3,Medium
IND,Small,Communication,IND,,,,Name33463,False,True,False,Aa1,Medium
IND,Small,Communication,IND,,,,Name33465,True,True,False,Aa3,Medium
IND,Small,Trade,IND,,,,Name33466,True,False,False,A1,High
IND,Small,Trade,IND,,,,Name33468,True,False,False,Aa3,Medium
IND,Small,Trade,IND,,,,Name33469,False,True,False,B2,Low
IND,Small,Trade,IND,,,,Name33470,False,True,False,Baa1,Low
IND,Small,Trade,IND,,,,Name33472,False,True,False,B1,Severe
IND,Small,Trade,IND,,,,Name33473,True,False,False,Aa2,High
IND,Small,Trade,IND,,,,Name33474,True,False,False,Aa1,Low
IND,Small,Trade,IND,,,,Name33475,False,True,False,A2,High
IND,Small,Trade,IND,,,,Name33476,True,True,False,Baa2,Severe
IND,Small,Trade,IND,,,,Name33477,True,False,False,A3,Low
IND,Small,Trade,IND,,,,Name33478,False,True,True,Aaa,Severe
IND,Small,Trade,IND,,,,Name33479,True,False,False,B2,Low
IND,Small,Trade,IND,,,,Name33481,True,False,False,Ba2,Low
IND,Small,Trade,IND,,,,Name33482,True,False,False,Aa3,Medium
IND,Small,Trade,IND,,,,Name33483,True,True,False,Aa3,Severe
IND,Small,Trade,IND,,,,Name33484,True,False,False,B1,Severe
IND,Small,Trade,IND,,,,Name33485,False,True,False,Ba3,Low
IND,Small,Trade,IND,,,,Name33486,False,True,False,Baa3,Medium
IND,Small,Trade,IND,,,,Name33487,True,False,False,A3,Low
IND,Small,Trade,IND,,,,Name33488,True,False,False,A2,Medium
IND,Small,Trade,IND,,,,Name33489,True,True,False,Ba2,Medium
IND,Small,Trade,IND,,,,Name33490,True,True,False,Aa1,Low
IND,Small,Trade,IND,,,,Name33491,True,True,False,Baa1,High
IND,Small,Trade,IND,,,,Name33492,False,False,True,Aa3,Low
IND,Small,Trade,IND,,,,Name33493,False,False,True,Ba1,Severe
IND,Small,Trade,IND,,,,Name33494,False,False,True,Baa1,Low
IND,Small,Trade,IND,,,,Name33495,False,True,False,Baa1,Severe
IND,Small,Trade,IND,,,,Name33497,True,False,False,Caa/C,Low
IND,Small,Trade,IND,,,,Name33498,True,False,False,Baa2,Medium
IND,Small,Trade,IND,,,,Name33500,False,True,False,Aa3,Severe
IND,Small,Trade,IND,,,,Name33501,False,True,False,B1,Severe
IND,Small,Trade,IND,,,,Name33502,True,False,False,Aaa,Severe
IND,Small,Trade,IND,,,,Name33503,False,True,False,Aaa,Low
IND,Small,Trade,IND,,,,Name33504,False,True,True,Aaa,Medium
IND,Small,Trade,IND,,,,Name33505,False,False,True,Ba1,Medium
IND,Small,Trade,IND,,,,Name33506,True,True,False,B3,Severe
IND,Small,Trade,IND,,,,Name33507,True,True,False,B3,High
IND,Small,Trade,IND,,,,Name33508,True,True,False,Aa2,Medium
IND,Small,Trade,IND,,,,Name33509,True,True,False,A3,Medium
IND,Small,Trade,IND,,,,Name33510,True,False,False,A1,Medium
IND,Small,Trade,IND,,,,Name33511,False,True,True,Baa3,High
IND,Small,Trade,IND,,,,Name33512,True,False,False,Aa3,High
IND,Small,Trade,IND,,,,Name33514,True,False,False,Baa3,Medium
IND,Small,Business_Services,IND,,,,Name33515,False,True,True,Aa2,Severe
IND,Small,Business_Services,IND,,,,Name33517,True,True,False,Ba1,High
IND,Small,Business_Services,IND,,,,Name33518,True,True,False,Aa1,High
IND,Small,Business_Services,IND,,,,Name33519,True,True,False,A3,Low
IND,Small,Business_Services,IND,,,,Name33520,True,False,False,Aaa,Low
IND,Small,Business_Services,IND,,,,Name33521,False,True,True,Aa2,Low
IND,Small,Business_Services,IND,,,,Name33522,False,True,True,Caa/C,Low
IND,Small,Business_Services,IND,,,,Name33523,True,False,False,Aaa,High
IND,Small,Business_Services,IND,,,,Name33524,False,True,True,A2,Low
IND,Small,Business_Services,IND,,,,Name33525,True,True,False,Aa1,Low
IND,Small,Business_Services,IND,,,,Name33526,True,True,False,Aa2,Medium
IND,Small,Business_Services,IND,,,,Name33527,False,False,True,Aa1,Low
IND,Small,Business_Services,IND,,,,Name33528,False,False,True,A1,Severe
IND,Small,Business_Services,IND,,,,Name33529,True,True,False,Aa3,Low
IND,Small,Business_Services,IND,,,,Name33530,True,False,False,A2,High
IND,Small,Business_Services,IND,,,,Name33531,True,True,False,A3,High
IND,Small,Business_Services,IND,,,,Name33532,True,False,False,B2,Low
IND,Small,Business_Services,IND,,,,Name33533,True,True,False,Ba3,High
IND,Small,Business_Products,IND,,,,Name33534,False,True,True,Aaa,Low
IND,Small,Business_Products,IND,,,,Name33535,False,True,False,B1,Low
IND,Small,Business_Products,IND,,,,Name33537,False,False,True,Aa2,Severe
IND,Small,Business_Products,IND,,,,Name33538,False,False,True,A2,High
IND,Small,Business_Products,IND,,,,Name33539,True,True,False,Caa/C,Low
IND,Small,Business_Products,IND,,,,Name33541,True,True,False,Caa/C,Low
IND,Small,Business_Products,IND,,,,Name33542,False,True,True,B1,Severe
IND,Small,Business_Products,IND,,,,Name33543,True,True,False,Baa2,Medium
IND,Small,Business_Products,IND,,,,Name33544,True,True,False,Ba3,Low
IND,Small,Business_Products,IND,,,,Name33545,True,False,False,Aaa,High
IND,Small,Business_Products,IND,,,,Name33547,True,False,False,Ba2,Medium
IND,Small,Business_Products,IND,,,,Name33549,True,True,False,Ba1,High
IND,Small,Business_Products,IND,,,,Name33550,False,False,True,Ba2,Severe
IND,Small,Business_Products,IND,,,,Name33551,True,False,False,Aa2,Low
IND,Small,Business_Products,IND,,,,Name33552,True,True,False,Aaa,Low
IND,Small,Business_Products,IND,,,,Name33553,False,True,False,Caa/C,High
IND,Small,Business_Products,IND,,,,Name33555,True,False,False,A2,Low
IND,Small,Business_Products,IND,,,,Name33556,True,True,False,Aa1,Medium
IND,Small,Business_Products,IND,,,,Name33558,False,True,False,Aa1,Severe
IND,Small,Business_Products,IND,,,,Name33559,True,False,False,A1,Severe
IND,Small,Business_Products,IND,,,,Name33560,True,False,False,Baa2,Severe
IND,Small,Business_Products,IND,,,,Name33561,False,True,False,Caa/C,Severe
IND,Small,Business_Products,IND,,,,Name33562,True,False,False,Aa1,Medium
IND,Small,Business_Products,IND,,,,Name33563,True,True,False,Aa3,Severe
IND,Small,Business_Products,IND,,,,Name33564,False,True,False,B1,Medium
IND,Small,Business_Products,IND,,,,Name33565,True,False,False,Baa3,Medium
IND,Small,Business_Products,IND,,,,Name33566,True,True,False,Baa1,Severe
IND,Small,Business_Products,IND,,,,Name33567,False,False,True,Aa1,Low
IND,Small,Business_Products,IND,,,,Name33568,False,False,True,B1,Severe
IND,Small,Business_Products,IND,,,,Name33571,False,False,True,A1,High
IND,Small,Business_Products,IND,,,,Name33572,True,False,False,Ba1,Medium
IND,Small,Business_Products,IND,,,,Name33573,False,False,True,Baa1,High
IND,Small,Business_Products,IND,,,,Name33574,True,True,False,A3,Low
IND,Small,Business_Products,IND,,,,Name33575,False,True,False,B3,Medium
IND,Small,Business_Products,IND,,,,Name33577,True,False,False,Aa3,High
IND,Small,Business_Products,IND,,,,Name33578,True,True,False,B2,Low
IND,Small,Business_Products,IND,,,,Name33579,False,True,True,B1,High
IND,Small,Business_Products,IND,,,,Name33580,False,False,True,B3,Severe
IND,Small,Business_Products,IND,,,,Name33581,False,False,True,Caa/C,High
IND,Small,Construction,IND,,,,Name33582,True,True,False,Ba3,High
IND,Small,Construction,IND,,,,Name33583,False,True,True,Ba2,Medium
IND,Small,Construction,IND,,,,Name33584,True,True,False,A2,Low
IND,Small,Construction,IND,,,,Name33585,False,False,True,B1,Severe
IND,Small,Construction,IND,,,,Name33586,False,False,True,A2,Severe
IND,Small,Construction,IND,,,,Name33587,False,True,False,Aa3,High
IND,Small,Construction,IND,,,,Name33588,False,True,False,B2,High
IND,Small,Construction,IND,,,,Name33589,False,False,True,Baa1,Medium
IND,Small,Construction,IND,,,,Name33590,True,True,False,Caa/C,Low
IND,Small,Construction,IND,,,,Name33591,True,False,False,Caa/C,High
IND,Small,Construction,IND,,,,Name33592,False,True,True,Aa1,Medium
IND,Small,Construction,IND,,,,Name33595,True,False,False,Aa1,Low
IND,Small,Construction,IND,,,,Name33596,False,False,True,B2,Severe
IND,Small,Construction,IND,,,,Name33597,True,False,False,Aa1,Medium
IND,Small,Construction,IND,,,,Name33599,True,False,False,B3,High
IND,Small,Construction,IND,,,,Name33600,True,False,False,Aa3,High
IND,Small,Construction,IND,,,,Name33601,False,False,True,Ba3,Medium
IND,Small,Construction,IND,,,,Name33603,False,True,False,Ba1,High
IND,Small,Construction,IND,,,,Name33604,True,True,False,Baa2,Low
IND,Small,Construction,IND,,,,Name33605,True,True,False,A1,Low
IND,Small,Services,IND,,,,Name33606,True,True,False,Aa2,High
IND,Small,Services,IND,,,,Name33607,True,False,False,B1,Low
IND,Small,Services,IND,,,,Name33608,True,False,False,B1,Medium
IND,Small,Services,IND,,,,Name33609,True,False,False,Baa1,Medium
IND,Small,Services,IND,,,,Name33610,True,False,False,Aa2,Severe
IND,Small,Mining,IND,,,,Name33611,True,False,False,B3,Low
IND,Small,Mining,IND,,,,Name33612,False,True,False,Ba3,Severe
IND,Small,Mining,IND,,,,Name33613,False,True,False,Ba3,Medium
IND,Small,Mining,IND,,,,Name33614,True,True,False,B1,High
IND,Small,Mining,IND,,,,Name33616,True,True,False,Caa/C,High
IND,Small,Mining,IND,,,,Name33617,False,True,True,Caa/C,High
IND,Small,Mining,IND,,,,Name33618,True,True,False,Baa1,Medium
IND,Small,Health_Care,IND,,,,Name33619,False,False,True,Baa2,High
IND,Small,Health_Care,IND,,,,Name33620,True,True,False,Baa3,Low
IND,Small,Health_Care,IND,,,,Name33621,True,False,False,Ba3,High
IND,Small,Health_Care,IND,,,,Name33622,False,True,True,Aa2,Medium
IND,Small,Health_Care,IND,,,,Name33623,False,True,False,Baa2,Severe
IND,Small,Health_Care,IND,,,,Name33624,True,False,False,Aa1,Low
IND,Small,Health_Care,IND,,,,Name33625,False,True,False,B2,High
IND,Small,Health_Care,IND,,,,Name33626,False,True,True,A1,High
IND,Small,Health_Care,IND,,,,Name33627,True,False,False,A2,Severe
IND,Small,Health_Care,IND,,,,Name33628,True,False,False,Aa1,High
IND,Small,Health_Care,IND,,,,Name33629,True,False,False,Baa3,Severe
IND,Small,Health_Care,IND,,,,Name33630,True,False,False,B1,Severe
IND,Small,Health_Care,IND,,,,Name33631,False,True,False,B2,Low
IND,Small,Health_Care,IND,,,,Name33633,True,True,False,Caa/C,Medium
IND,Small,Health_Care,IND,,,,Name33634,True,False,False,Ba2,High
IND,Small,Health_Care,IND,,,,Name33635,True,False,False,Caa/C,Low
IND,Small,Health_Care,IND,,,,Name33636,True,False,False,Caa/C,Severe
IND,Small,Health_Care,IND,,,,Name33637,True,False,False,A1,High
IND,Small,Health_Care,IND,,,,Name33639,False,True,True,Aa3,High
IND,Small,Health_Care,IND,,,,Name33640,False,True,True,A3,High
IND,Small,Health_Care,IND,,,,Name33642,True,True,False,Ba1,Medium
IND,Small,Health_Care,IND,,,,Name33643,True,True,False,Caa/C,Low
IND,Small,Health_Care,IND,,,,Name33644,False,True,True,B1,Severe
IND,Small,Health_Care,IND,,,,Name33646,False,True,True,Aa1,Low
IND,Small,Health_Care,IND,,,,Name33647,True,False,False,Baa2,Medium
IND,Small,Health_Care,IND,,,,Name33648,False,True,False,Aaa,High
IND,Small,Health_Care,IND,,,,Name33649,True,False,False,A1,Low
IND,Small,EnergyExpL_Prod,IND,,,,Name33650,True,True,False,Caa/C,Severe
IND,Small,EnergyExpL_Prod,IND,,,,Name33651,False,False,True,Ba3,Medium
IND,Small,EnergyExpL_Prod,IND,,,,Name33652,False,True,False,Baa1,High
IND,Small,EnergyExpL_Prod,IND,,,,Name33653,True,False,False,Baa1,Medium
IND,Small,EnergyExpL_Prod,IND,,,,Name33654,True,True,False,Ba2,High
IND,Small,EnergyExpL_Prod,IND,,,,Name33655,True,False,False,Baa2,Medium
IND,Small,EnergyExpL_Prod,IND,,,,Name33656,True,False,False,Ba3,Severe
IND,Small,EnergyExpL_Prod,IND,,,,Name33657,False,True,True,Aa1,Medium
IND,Small,Utilities,IND,,,,Name33658,True,False,False,Aa1,Low
IND,Small,Utilities,IND,,,,Name33659,True,True,False,Baa3,High
IND,Small,Utilities,IND,,,,Name33660,True,False,False,Aaa,Severe
IND,Small,Utilities,IND,,,,Name33661,True,False,False,Baa1,Low
IND,Small,Utilities,IND,,,,Name33662,True,True,False,Baa2,High
IND,Small,Utilities,IND,,,,Name33663,True,False,False,B3,Low
IND,Small,Utilities,IND,,,,Name33665,False,False,True,Aa1,Medium
IND,Small,Utilities,IND,,,,Name33666,True,True,False,Ba2,Medium
IND,Small,Utilities,IND,,,,Name33667,True,False,False,Aaa,Severe
IND,Small,Utilities,IND,,,,Name33668,False,True,False,Ba2,Medium
IND,Small,Utilities,IND,,,,Name33670,True,False,False,Aa2,Severe
IND,Small,Utilities,IND,,,,Name33671,False,False,True,Ba2,Severe
IND,Small,Utilities,IND,,,,Name33672,True,False,False,Aa2,Medium
IND,Small,Utilities,IND,,,,Name33673,False,True,False,Baa2,Medium
IND,Small,Utilities,IND,,,,Name33674,True,False,False,Baa1,Low
IND,Small,Utilities,IND,,,,Name33675,False,False,True,B2,Low
IND,Small,Utilities,IND,,,,Name33676,False,False,True,Aa2,High
IND,Small,Utilities,IND,,,,Name33677,False,True,True,B2,High
IND,Small,Utilities,IND,,,,Name33679,True,True,False,Baa2,Medium
IND,Small,Utilities,IND,,,,Name33680,False,True,False,Ba3,Medium
IND,Small,Utilities,IND,,,,Name33681,True,False,False,A1,Medium
IND,Small,Utilities,IND,,,,Name33682,False,True,True,Baa3,Medium
IND,Small,Utilities,IND,,,,Name33683,True,True,False,B1,High
IND,Small,Utilities,IND,,,,Name33684,True,False,False,A2,Medium
IND,Small,Utilities,IND,,,,Name33685,True,True,False,Ba1,High
IND,Small,Utilities,IND,,,,Name33686,True,True,False,Baa2,Severe
IND,Small,Utilities,IND,,,,Name33687,False,False,True,A3,Medium
IND,Small,Utilities,IND,,,,Name33688,True,True,False,Aa3,Severe
IND,Micro,HiTech,IND,,,,Name33689,False,True,False,Aa1,Severe
IND,Micro,HiTech,IND,,,,Name33690,False,True,False,Aa2,High
IND,Micro,HiTech,IND,,,,Name33691,True,True,False,Baa3,Low
IND,Micro,HiTech,IND,,,,Name33692,False,True,False,Aa3,High
IND,Micro,HiTech,IND,,,,Name33695,False,False,True,Baa1,High
IND,Micro,Agriculture,IND,,,,Name33696,True,False,False,Aaa,Medium
IND,Micro,Agriculture,IND,,,,Name33697,False,True,False,Aa3,Medium
IND,Micro,Agriculture,IND,,,,Name33698,False,False,True,Baa3,Severe
IND,Micro,Agriculture,IND,,,,Name33700,True,True,False,A3,Severe
IND,Micro,Agriculture,IND,,,,Name33701,True,False,False,Aa1,Severe
IND,Micro,Agriculture,IND,,,,Name33702,False,True,False,Aa2,Severe
IND,Micro,Agriculture,IND,,,,Name33703,False,False,True,B1,Severe
IND,Micro,Agriculture,IND,,,,Name33704,True,False,False,Aa3,High
IND,Micro,Agriculture,IND,,,,Name33705,True,False,False,Ba3,High
IND,Micro,Agriculture,IND,,,,Name33707,False,True,False,Aa2,Medium
IND,Micro,Agriculture,IND,,,,Name33708,True,True,False,Baa1,Low
IND,Micro,Agriculture,IND,,,,Name33709,False,False,True,Ba3,Severe
IND,Micro,Agriculture,IND,,,,Name33710,False,False,True,Aa2,High
IND,Micro,Agriculture,IND,,,,Name33711,False,True,True,Baa3,High
IND,Micro,Agriculture,IND,,,,Name33712,True,False,False,Aa3,Medium
IND,Micro,Agriculture,IND,,,,Name33713,True,False,False,Ba1,Low
IND,Micro,Transportation,IND,,,,Name33714,False,True,True,A3,Severe
IND,Micro,Transportation,IND,,,,Name33715,True,False,False,Aa2,Low
IND,Micro,Transportation,IND,,,,Name33716,True,False,False,B2,Medium
IND,Micro,Transportation,IND,,,,Name33718,True,True,False,B2,Severe
IND,Micro,Transportation,IND,,,,Name33719,True,True,False,B3,Medium
IND,Micro,Transportation,IND,,,,Name33720,True,False,False,Aaa,Low
IND,Micro,Transportation,IND,,,,Name33721,True,True,False,Baa1,Medium
IND,Micro,Transportation,IND,,,,Name33722,True,False,False,Baa1,Medium
IND,Micro,Transportation,IND,,,,Name33724,False,True,True,Aa2,Medium
IND,Micro,Transportation,IND,,,,Name33725,True,False,False,Aa3,High
IND,Micro,Transportation,IND,,,,Name33726,True,True,False,Aaa,High
IND,Micro,Transportation,IND,,,,Name33728,False,True,False,Baa2,Low
IND,Micro,Transportation,IND,,,,Name33729,False,True,True,Aaa,High
IND,Micro,Transportation,IND,,,,Name33730,True,True,False,Baa1,Low
IND,Micro,Transportation,IND,,,,Name33733,True,False,False,Baa1,Medium
IND,Micro,Transportation,IND,,,,Name33734,True,True,False,Baa2,Medium
IND,Micro,Transportation,IND,,,,Name33737,True,True,False,Aa3,Medium
IND,Micro,Transportation,IND,,,,Name33738,False,True,True,Baa1,High
IND,Micro,Transportation,IND,,,,Name33739,False,True,True,Aaa,High
IND,Micro,Transportation,IND,,,,Name33740,True,False,False,Aa1,Low
IND,Micro,Transportation,IND,,,,Name33741,True,True,False,Baa2,High
IND,Micro,Transportation,IND,,,,Name33742,False,True,False,Aa3,High
IND,Micro,Transportation,IND,,,,Name33743,True,True,False,Baa1,High
IND,Micro,Transportation,IND,,,,Name33744,False,True,True,Aa3,Low
IND,Micro,Transportation,IND,,,,Name33745,False,False,True,A3,High
IND,Micro,Transportation,IND,,,,Name33746,True,False,False,B1,Severe
IND,Micro,Transportation,IND,,,,Name33747,False,True,True,A2,Low
IND,Micro,Transportation,IND,,,,Name33748,False,True,True,Baa1,Medium
IND,Micro,Transportation,IND,,,,Name33749,True,True,False,Baa3,High
IND,Micro,Transportation,IND,,,,Name33750,False,True,True,Baa2,Medium
IND,Micro,Transportation,IND,,,,Name33751,True,False,False,Aa3,Low
IND,Micro,Consumer_Products,IND,,,,Name33752,True,False,False,Ba3,Medium
IND,Micro,Consumer_Products,IND,,,,Name33753,False,True,False,A1,Severe
IND,Micro,Consumer_Products,IND,,,,Name33755,True,True,False,A2,Low
IND,Micro,Consumer_Products,IND,,,,Name33756,False,False,True,B3,Medium
IND,Micro,Consumer_Products,IND,,,,Name33757,False,True,False,Ba3,High
IND,Micro,Consumer_Products,IND,,,,Name33758,True,False,False,A1,Medium
IND,Micro,Consumer_Products,IND,,,,Name33759,True,True,False,Aa3,Low
IND,Micro,Consumer_Products,IND,,,,Name33760,True,False,False,Baa3,Medium
IND,Micro,Consumer_Products,IND,,,,Name33762,False,True,False,B2,Severe
IND,Micro,Consumer_Products,IND,,,,Name33763,False,False,True,Ba2,High
IND,Micro,Consumer_Products,IND,,,,Name33764,True,True,False,Aa3,Low
IND,Micro,Consumer_Products,IND,,,,Name33766,True,True,False,A2,Low
IND,Micro,Unassigned,IND,,,,Name33768,False,False,True,B2,Severe
IND,Micro,Unassigned,IND,,,,Name33769,True,True,False,B1,Severe
IND,Micro,Unassigned,IND,,,,Name33770,False,False,True,B1,Medium
IND,Micro,Unassigned,IND,,,,Name33771,False,True,False,Baa2,Severe
IND,Micro,Unassigned,IND,,,,Name33772,True,True,False,Aaa,Low
IND,Micro,Unassigned,IND,,,,Name33773,True,True,False,Aa1,High
IND,Micro,Unassigned,IND,,,,Name33774,True,True,False,Ba1,Low
IND,Micro,Unassigned,IND,,,,Name33776,False,True,False,Baa3,High
IND,Micro,Unassigned,IND,,,,Name33777,False,True,True,A1,High
IND,Micro,Unassigned,IND,,,,Name33778,True,True,False,A2,Severe
IND,Micro,Unassigned,IND,,,,Name33779,True,False,False,Ba1,Severe
IND,Micro,Unassigned,IND,,,,Name33780,True,True,False,Ba2,High
IND,Micro,Unassigned,IND,,,,Name33781,False,False,True,Ba1,High
IND,Micro,Unassigned,IND,,,,Name33783,True,True,False,B3,Low
IND,Micro,Unassigned,IND,,,,Name33784,True,True,False,Aa1,Severe
IND,Micro,Unassigned,IND,,,,Name33785,False,True,True,Aa3,Low
IND,Micro,Unassigned,IND,,,,Name33786,True,True,False,A2,High
IND,Micro,Unassigned,IND,,,,Name33787,True,True,False,Aa3,Low
IND,Micro,Unassigned,IND,,,,Name33788,False,False,True,B3,Medium
IND,Micro,Unassigned,IND,,,,Name33789,True,False,False,A2,High
IND,Micro,Unassigned,IND,,,,Name33791,False,True,False,B2,Medium
IND,Micro,Unassigned,IND,,,,Name33792,True,False,False,Baa1,High
IND,Micro,Unassigned,IND,,,,Name33793,True,False,False,A1,Severe
IND,Micro,Unassigned,IND,,,,Name33794,True,True,False,B1,Low
IND,Micro,Unassigned,IND,,,,Name33795,True,False,False,Aaa,High
IND,Micro,Unassigned,IND,,,,Name33796,True,True,False,Baa1,Severe
IND,Micro,Unassigned,IND,,,,Name33797,True,True,False,Ba2,Severe
IND,Micro,Unassigned,IND,,,,Name33798,False,True,False,Ba2,High
IND,Micro,Unassigned,IND,,,,Name33799,True,True,False,Caa/C,High
IND,Micro,Unassigned,IND,,,,Name33801,True,True,False,Caa/C,Low
IND,Micro,Unassigned,IND,,,,Name33803,False,True,True,Ba2,Medium
IND,Micro,Unassigned,IND,,,,Name33804,True,False,False,Aa1,Severe
IND,Micro,Unassigned,IND,,,,Name33807,False,True,True,Caa/C,Medium
IND,Micro,Unassigned,IND,,,,Name33808,False,True,True,B1,High
IND,Micro,Communication,IND,,,,Name33809,True,False,False,B3,Severe
IND,Micro,Communication,IND,,,,Name33810,True,False,False,Baa2,High
IND,Micro,Communication,IND,,,,Name33811,False,True,True,A2,High
IND,Micro,Communication,IND,,,,Name33812,False,True,True,Baa2,Medium
IND,Micro,Communication,IND,,,,Name33813,False,False,True,Baa2,Low
IND,Micro,Communication,IND,,,,Name33814,True,True,False,Aaa,Severe
IND,Micro,Communication,IND,,,,Name33816,True,True,False,A2,Severe
IND,Micro,Communication,IND,,,,Name33817,False,True,False,A2,Low
IND,Micro,Communication,IND,,,,Name33818,False,True,True,Aaa,High
IND,Micro,Communication,IND,,,,Name33819,False,True,True,Baa3,Low
IND,Micro,Communication,IND,,,,Name33820,False,True,True,Ba1,Severe
IND,Micro,Communication,IND,,,,Name33821,False,False,True,B2,High
IND,Micro,Communication,IND,,,,Name33822,True,False,False,Caa/C,Medium
IND,Micro,Communication,IND,,,,Name33823,False,True,True,Ba2,High
IND,Micro,Communication,IND,,,,Name33824,True,False,False,Aa1,Severe
IND,Micro,Communication,IND,,,,Name33825,True,True,False,Ba3,Low
IND,Micro,Communication,IND,,,,Name33826,False,True,False,Aa2,Low
IND,Micro,Communication,IND,,,,Name33827,False,True,True,Baa2,Low
IND,Micro,Communication,IND,,,,Name33828,True,True,False,Baa2,Medium
IND,Micro,Communication,IND,,,,Name33829,False,True,False,A3,Medium
IND,Micro,Communication,IND,,,,Name33832,True,False,False,Baa2,Medium
IND,Micro,Communication,IND,,,,Name33833,False,False,True,Ba3,Medium
IND,Micro,Communication,IND,,,,Name33834,False,True,False,A3,High
IND,Micro,Communication,IND,,,,Name33835,False,False,True,Aa3,Medium
IND,Micro,Communication,IND,,,,Name33836,True,True,False,Aaa,High
IND,Micro,Communication,IND,,,,Name33837,True,False,False,Aaa,Medium
IND,Micro,Communication,IND,,,,Name33838,True,False,False,B3,Severe
IND,Micro,Communication,IND,,,,Name33839,False,False,True,B1,Medium
IND,Micro,Communication,IND,,,,Name33840,False,False,True,A3,Severe
IND,Micro,Communication,IND,,,,Name33841,False,True,True,Aa2,Low
IND,Micro,Communication,IND,,,,Name33842,False,True,False,Aa2,High
IND,Micro,Communication,IND,,,,Name33844,True,False,False,Aa2,Severe
IND,Micro,Communication,IND,,,,Name33845,False,True,False,B2,Low
IND,Micro,Communication,IND,,,,Name33846,True,True,False,B1,Severe
IND,Micro,Communication,IND,,,,Name33847,True,True,False,Aaa,Severe
IND,Micro,Trade,IND,,,,Name33849,True,False,False,Aa2,Low
IND,Micro,Trade,IND,,,,Name33850,False,True,False,B1,Severe
IND,Micro,Trade,IND,,,,Name33851,True,False,False,Aaa,Medium
IND,Micro,Trade,IND,,,,Name33852,True,False,False,A3,Severe
IND,Micro,Trade,IND,,,,Name33853,True,False,False,A1,Low
IND,Micro,Trade,IND,,,,Name33854,False,True,True,Ba3,Medium
IND,Micro,Trade,IND,,,,Name33855,True,True,False,Aa3,Medium
IND,Micro,Trade,IND,,,,Name33856,False,False,True,Aa3,Severe
IND,Micro,Trade,IND,,,,Name33857,False,False,True,B2,Low
IND,Micro,Trade,IND,,,,Name33858,False,False,True,Caa/C,High
IND,Micro,Trade,IND,,,,Name33859,False,False,True,Baa1,Medium
IND,Micro,Trade,IND,,,,Name33860,True,False,False,B1,Low
IND,Micro,Trade,IND,,,,Name33861,True,True,False,A2,Severe
IND,Micro,Trade,IND,,,,Name33862,True,False,False,Aa3,High
IND,Micro,Trade,IND,,,,Name33863,True,False,False,Baa1,Severe
IND,Micro,Trade,IND,,,,Name33864,True,True,False,Baa2,Severe
IND,Micro,Trade,IND,,,,Name33865,True,True,False,Aa2,Severe
IND,Micro,Trade,IND,,,,Name33866,True,False,False,Ba2,Severe
IND,Micro,Trade,IND,,,,Name33867,True,False,False,Baa2,Severe
IND,Micro,Trade,IND,,,,Name33869,True,True,False,A2,Medium
IND,Micro,Trade,IND,,,,Name33870,True,True,False,Baa2,High
IND,Micro,Trade,IND,,,,Name33871,False,True,True,Ba3,High
IND,Micro,Trade,IND,,,,Name33872,True,False,False,Aaa,High
IND,Micro,Business_Services,IND,,,,Name33873,True,True,False,Aa2,High
IND,Micro,Business_Services,IND,,,,Name33874,True,False,False,B2,Medium
IND,Micro,Business_Services,IND,,,,Name33875,True,True,False,B3,High
IND,Micro,Business_Services,IND,,,,Name33876,False,True,True,Ba2,High
IND,Micro,Business_Services,IND,,,,Name33877,False,True,False,A3,High
IND,Micro,Business_Services,IND,,,,Name33881,False,True,True,Baa1,High
IND,Micro,Business_Services,IND,,,,Name33882,False,True,False,B3,Medium
IND,Micro,Business_Services,IND,,,,Name33883,True,False,False,B2,Low
IND,Micro,Business_Services,IND,,,,Name33884,True,False,False,Ba1,High
IND,Micro,Business_Services,IND,,,,Name33885,False,False,True,Ba2,Low
IND,Micro,Business_Services,IND,,,,Name33886,False,False,True,B1,High
IND,Micro,Business_Services,IND,,,,Name33887,False,True,True,Caa/C,High
IND,Micro,Business_Services,IND,,,,Name33888,True,True,False,Ba3,Severe
IND,Micro,Business_Services,IND,,,,Name33889,True,True,False,A2,Severe
IND,Micro,Business_Services,IND,,,,Name33890,True,False,False,B3,Severe
IND,Micro,Business_Services,IND,,,,Name33891,False,True,False,Aa1,Medium
IND,Micro,Business_Services,IND,,,,Name33892,True,False,False,Aa1,Low
IND,Micro,Business_Services,IND,,,,Name33893,True,False,False,B3,Medium
IND,Micro,Business_Services,IND,,,,Name33896,True,True,False,Aaa,Severe
IND,Micro,Business_Services,IND,,,,Name33898,False,False,True,Ba3,High
IND,Micro,Business_Services,IND,,,,Name33899,True,False,False,B2,Medium
IND,Micro,Business_Services,IND,,,,Name33900,True,False,False,Aaa,High
IND,Micro,Business_Services,IND,,,,Name33901,True,True,False,A3,Low
IND,Micro,Business_Services,IND,,,,Name33902,True,True,False,Baa1,Severe
IND,Micro,Business_Products,IND,,,,Name33904,True,False,False,Aa3,Medium
IND,Micro,Business_Products,IND,,,,Name33905,False,False,True,Ba1,Severe
IND,Micro,Business_Products,IND,,,,Name33906,False,True,False,Aa2,Medium
IND,Micro,Business_Products,IND,,,,Name33907,True,False,False,B2,Medium
IND,Micro,Business_Products,IND,,,,Name33908,False,True,False,A1,Medium
IND,Micro,Construction,IND,,,,Name33910,True,True,False,Aa1,Medium
IND,Micro,Construction,IND,,,,Name33911,True,False,False,Aaa,Low
IND,Micro,Construction,IND,,,,Name33912,True,False,False,Baa3,High
IND,Micro,Construction,IND,,,,Name33913,False,False,True,Aaa,Severe
IND,Micro,Construction,IND,,,,Name33914,True,False,False,B2,Medium
IND,Micro,Construction,IND,,,,Name33917,True,True,False,Aaa,Severe
IND,Micro,Construction,IND,,,,Name33918,False,True,False,A1,High
IND,Micro,Construction,IND,,,,Name33919,False,True,False,Aa1,Low
IND,Micro,Construction,IND,,,,Name33920,True,False,False,Aa1,High
IND,Micro,Construction,IND,,,,Name33921,False,False,True,A3,Low
IND,Micro,Construction,IND,,,,Name33923,True,False,False,Baa3,Severe
IND,Micro,Construction,IND,,,,Name33924,False,False,True,Baa1,High
IND,Micro,Construction,IND,,,,Name33926,False,True,False,A2,High
IND,Micro,Construction,IND,,,,Name33927,True,False,False,Aa3,Medium
IND,Micro,Construction,IND,,,,Name33928,False,True,True,Baa3,Severe
IND,Micro,Construction,IND,,,,Name33929,False,True,False,Aa1,High
IND,Micro,Construction,IND,,,,Name33930,True,True,False,Ba1,Severe
IND,Micro,Construction,IND,,,,Name33931,False,True,True,Aa3,Severe
IND,Micro,Construction,IND,,,,Name33932,False,True,False,Aa1,Medium
IND,Micro,Construction,IND,,,,Name33933,True,True,False,Baa1,High
IND,Micro,Construction,IND,,,,Name33934,False,True,False,Ba3,Medium
IND,Micro,Construction,IND,,,,Name33935,True,True,False,B3,Medium
IND,Micro,Construction,IND,,,,Name33936,True,True,False,B2,High
IND,Micro,Construction,IND,,,,Name33938,True,True,False,Baa1,Severe
IND,Micro,Construction,IND,,,,Name33939,True,True,False,Aa2,Severe
IND,Micro,Construction,IND,,,,Name33940,True,False,False,B3,Low
IND,Micro,Construction,IND,,,,Name33941,False,True,False,A3,Medium
IND,Micro,Construction,IND,,,,Name33942,False,True,False,B1,Severe
IND,Micro,Construction,IND,,,,Name33943,False,False,True,A3,Medium
IND,Micro,Construction,IND,,,,Name33944,True,False,False,Ba2,Severe
IND,Micro,Construction,IND,,,,Name33945,False,True,False,Ba2,High
IND,Micro,Construction,IND,,,,Name33946,True,False,False,Ba3,Medium
IND,Micro,Construction,IND,,,,Name33948,True,True,False,Caa/C,Severe
IND,Micro,Construction,IND,,,,Name33950,False,False,True,Ba3,Severe
IND,Micro,Construction,IND,,,,Name33952,False,False,True,Baa1,Low
IND,Micro,Construction,IND,,,,Name33953,True,False,False,A3,Medium
IND,Micro,Construction,IND,,,,Name33954,True,False,False,A2,Severe
IND,Micro,Services,IND,,,,Name33955,False,True,False,Caa/C,Medium
IND,Micro,Services,IND,,,,Name33958,False,True,False,Ba3,Low
IND,Micro,Services,IND,,,,Name33960,True,False,False,Aa1,Medium
IND,Micro,Services,IND,,,,Name33961,False,False,True,Aaa,Low
IND,Micro,Services,IND,,,,Name33962,True,False,False,B1,Severe
IND,Micro,Services,IND,,,,Name33963,True,True,False,Aa1,Medium
IND,Micro,Services,IND,,,,Name33964,False,True,True,Aaa,Low
IND,Micro,Services,IND,,,,Name33965,False,False,True,A1,Low
IND,Micro,Services,IND,,,,Name33966,True,False,False,B1,High
IND,Micro,Services,IND,,,,Name33967,True,False,False,Aa2,High
IND,Micro,Services,IND,,,,Name33968,True,True,False,A1,High
IND,Micro,Services,IND,,,,Name33969,False,True,True,Ba2,High
IND,Micro,Services,IND,,,,Name33970,False,True,False,Baa2,High
IND,Micro,Services,IND,,,,Name33972,False,False,True,B2,Low
IND,Micro,Services,IND,,,,Name33973,True,False,False,A3,Severe
IND,Micro,Services,IND,,,,Name33975,True,False,False,Ba2,Low
IND,Micro,Services,IND,,,,Name33976,False,True,False,Ba3,Low
IND,Micro,Services,IND,,,,Name33977,False,True,True,Aa2,Low
IND,Micro,Services,IND,,,,Name33978,True,False,False,Ba3,Low
IND,Micro,Services,IND,,,,Name33979,False,True,False,Ba2,High
IND,Micro,Services,IND,,,,Name33980,True,False,False,Ba3,Medium
IND,Micro,Services,IND,,,,Name33982,False,True,False,B1,Medium
IND,Micro,Services,IND,,,,Name33983,True,False,False,Aa2,High
IND,Micro,Services,IND,,,,Name33984,True,True,False,B3,Severe
IND,Micro,Services,IND,,,,Name33985,True,False,False,Baa3,Low
IND,Micro,Services,IND,,,,Name33986,False,True,False,Aaa,Medium
IND,Micro,Services,IND,,,,Name33987,True,True,False,Aaa,Medium
IND,Micro,Services,IND,,,,Name33988,False,True,True,Aa2,High
IND,Micro,Services,IND,,,,Name33990,True,False,False,B1,Low
IND,Micro,Services,IND,,,,Name33991,True,False,False,Baa2,High
IND,Micro,Services,IND,,,,Name33992,False,True,True,Aa3,Medium
IND,Micro,Services,IND,,,,Name33993,False,True,True,Aa3,High
IND,Micro,Services,IND,,,,Name33994,False,True,True,Ba3,Low
IND,Micro,Services,IND,,,,Name33995,True,False,False,Baa1,Medium
IND,Micro,Mining,IND,,,,Name33998,True,True,False,Aaa,Low
IND,Micro,Mining,IND,,,,Name33999,True,False,False,Ba2,Low
IND,Micro,Mining,IND,,,,Name34000,True,True,False,Caa/C,High
IND,Micro,Mining,IND,,,,Name34001,True,False,False,B2,Medium
IND,Micro,Mining,IND,,,,Name34002,True,False,False,Caa/C,High
IND,Micro,Mining,IND,,,,Name34003,True,True,False,Aa3,Severe
IND,Micro,Mining,IND,,,,Name34004,True,True,False,A3,High
IND,Micro,Mining,IND,,,,Name34006,True,False,False,B2,High
IND,Micro,Mining,IND,,,,Name34008,True,True,False,Aa1,Severe
IND,Micro,Mining,IND,,,,Name34009,True,False,False,A1,High
IND,Micro,Mining,IND,,,,Name34010,False,True,False,B2,Low
IND,Micro,Mining,IND,,,,Name34011,True,False,False,Baa3,Severe
IND,Micro,Mining,IND,,,,Name34012,True,False,False,Ba3,Medium
IND,Micro,Mining,IND,,,,Name34013,True,False,False,A1,Medium
IND,Micro,Mining,IND,,,,Name34014,False,False,True,Baa1,Severe
IND,Micro,Mining,IND,,,,Name34015,False,True,False,Aa3,High
IND,Micro,Mining,IND,,,,Name34016,False,False,True,B3,Medium
IND,Micro,Mining,IND,,,,Name34017,True,True,False,B3,Medium
IND,Micro,Mining,IND,,,,Name34018,False,True,False,Aa3,Low
IND,Micro,Mining,IND,,,,Name34019,False,False,True,Baa1,Medium
IND,Micro,Mining,IND,,,,Name34020,False,True,True,A1,Severe
IND,Micro,Mining,IND,,,,Name34021,True,True,False,A3,Low
IND,Micro,Mining,IND,,,,Name34022,False,False,True,Aa1,High
IND,Micro,Mining,IND,,,,Name34023,False,False,True,A3,Severe
IND,Micro,Health_Care,IND,,,,Name34024,True,True,False,Ba2,Medium
IND,Micro,Health_Care,IND,,,,Name34025,True,True,False,Ba1,Low
IND,Micro,Health_Care,IND,,,,Name34027,True,False,False,Baa3,High
IND,Micro,Health_Care,IND,,,,Name34031,False,True,True,A1,Medium
IND,Micro,Health_Care,IND,,,,Name34032,False,False,True,B2,Medium
IND,Micro,Health_Care,IND,,,,Name34033,False,True,False,B2,Medium
IND,Micro,Health_Care,IND,,,,Name34034,False,True,True,Baa1,Low
IND,Micro,Health_Care,IND,,,,Name34035,True,True,False,Baa2,Severe
IND,Micro,Health_Care,IND,,,,Name34037,True,False,False,Aa2,Severe
IND,Micro,Health_Care,IND,,,,Name34039,False,True,False,A3,Medium
IND,Micro,Health_Care,IND,,,,Name34040,True,True,False,A1,Medium
IND,Micro,Health_Care,IND,,,,Name34041,False,True,True,Caa/C,Severe
IND,Micro,Health_Care,IND,,,,Name34042,False,True,True,Caa/C,Medium
IND,Micro,Health_Care,IND,,,,Name34043,False,True,True,Ba1,Medium
IND,Micro,Health_Care,IND,,,,Name34044,False,True,False,B2,Severe
IND,Micro,Health_Care,IND,,,,Name34045,False,False,True,Aa1,Severe
IND,Micro,Health_Care,IND,,,,Name34047,False,True,False,Baa1,Severe
IND,Micro,Health_Care,IND,,,,Name34048,False,True,False,Ba3,High
IND,Micro,Health_Care,IND,,,,Name34049,True,False,False,Aa3,Low
IND,Micro,Health_Care,IND,,,,Name34050,False,False,True,B1,Low
IND,Micro,Health_Care,IND,,,,Name34051,False,True,True,Aa3,Medium
IND,Micro,Health_Care,IND,,,,Name34052,False,False,True,B1,High
IND,Micro,Health_Care,IND,,,,Name34054,True,True,False,Ba2,Low
IND,Micro,Health_Care,IND,,,,Name34055,False,True,True,Aa3,High
IND,Micro,Health_Care,IND,,,,Name34056,True,True,False,A3,High
IND,Micro,Health_Care,IND,,,,Name34057,True,False,False,Caa/C,High
IND,Micro,Health_Care,IND,,,,Name34058,True,True,False,Baa1,High
IND,Micro,Health_Care,IND,,,,Name34059,False,True,True,B1,High
IND,Micro,Health_Care,IND,,,,Name34060,False,True,False,A3,Medium
IND,Micro,Health_Care,IND,,,,Name34061,True,True,False,B1,Low
IND,Micro,Health_Care,IND,,,,Name34062,False,False,True,A3,Low
IND,Micro,Health_Care,IND,,,,Name34063,True,True,False,B1,Severe
IND,Micro,Health_Care,IND,,,,Name34064,False,True,False,Baa2,Low
IND,Micro,Health_Care,IND,,,,Name34065,True,True,False,Aa2,Severe
IND,Micro,Health_Care,IND,,,,Name34066,True,False,False,Baa1,Severe
IND,Micro,Health_Care,IND,,,,Name34067,True,False,False,Ba3,Medium
IND,Micro,Health_Care,IND,,,,Name34068,False,False,True,Aa2,Low
IND,Micro,EnergyExpL_Prod,IND,,,,Name34069,True,False,False,B2,Medium
IND,Micro,EnergyExpL_Prod,IND,,,,Name34070,False,True,True,Baa3,High
IND,Micro,EnergyExpL_Prod,IND,,,,Name34071,False,True,True,Baa1,Severe
IND,Micro,EnergyExpL_Prod,IND,,,,Name34072,True,True,False,Baa2,Medium
IND,Micro,EnergyExpL_Prod,IND,,,,Name34073,True,False,False,B2,High
IND,Micro,EnergyExpL_Prod,IND,,,,Name34075,True,True,False,Baa1,Medium
IND,Micro,EnergyExpL_Prod,IND,,,,Name34076,False,True,True,B3,Severe
IND,Micro,EnergyExpL_Prod,IND,,,,Name34077,True,False,False,Aa2,Medium
IND,Micro,EnergyExpL_Prod,IND,,,,Name34078,True,False,False,A2,High
IND,Micro,Utilities,IND,,,,Name34079,False,True,False,Ba3,Medium
IND,Micro,Utilities,IND,,,,Name34080,False,True,False,Aa3,Medium
IND,Micro,Utilities,IND,,,,Name34081,True,True,False,Baa3,High
IND,Micro,Utilities,IND,,,,Name34083,False,True,False,Aaa,Medium
IND,Micro,Utilities,IND,,,,Name34084,False,True,False,Aa3,Low
IND,Micro,Utilities,IND,,,,Name34085,True,False,False,Caa/C,Medium
IND,Micro,Utilities,IND,,,,Name34086,True,True,False,B2,Severe
IND,Micro,Utilities,IND,,,,Name34087,True,True,False,B1,Severe
IND,Micro,Utilities,IND,,,,Name34088,True,False,False,B2,Medium
IND,Micro,Utilities,IND,,,,Name34089,False,False,True,B1,Low
IND,Micro,Utilities,IND,,,,Name34090,True,True,False,A2,Low
IND,Micro,Utilities,IND,,,,Name34091,True,False,False,Baa2,High
IND,Micro,Utilities,IND,,,,Name34092,True,False,False,Aa3,Severe
