Country,NUTS3_ID,NUTS_NAME,NUTS1_ID,NUTS2_ID
ALB,AL011,Dibër,AL0,AL01
ALB,AL012,Durrës,AL0,AL01
ALB,AL013,Kukës,AL0,AL01
ALB,AL014,Lezhë,AL0,AL01
ALB,AL015,Shkodër,AL0,AL01
ALB,AL021,Elbasan,AL0,AL02
ALB,AL022,Tiranë,AL0,AL02
ALB,AL031,Berat,AL0,AL03
ALB,AL032,Fier,AL0,AL03
ALB,AL033,Gjirokastër,AL0,AL03
ALB,AL034,Korcë,AL0,AL03
ALB,AL035,Vlorë,AL0,AL03
AUT,AT112,Nordburgenland,AT1,AT11
AUT,AT113,Südburgenland,AT1,AT11
AUT,AT111,Mittelburgenland,AT1,AT11
AUT,AT125,Weinviertel,AT1,AT12
AUT,AT222,Liezen,AT2,AT22
AUT,AT223,Östliche Obersteiermark,AT2,AT22
AUT,AT224,Oststeiermark,AT2,AT22
AUT,AT225,West- und Südsteiermark,AT2,AT22
AUT,AT126,Wiener Umland/Nordteil,AT1,AT12
AUT,AT127,Wiener Umland/Südteil,AT1,AT12
AUT,AT130,Wien,AT1,AT13
AUT,AT211,Klagenfurt-Villach,AT2,AT21
AUT,AT212,Oberkärnten,AT2,AT21
AUT,AT213,Unterkärnten,AT2,AT21
AUT,AT221,Graz,AT2,AT22
AUT,AT121,Mostviertel-Eisenwurzen,AT1,AT12
AUT,AT122,Niederösterreich-Süd,AT1,AT12
AUT,AT123,Sankt Pölten,AT1,AT12
AUT,AT124,Waldviertel,AT1,AT12
AUT,AT334,Tiroler Oberland,AT3,AT33
AUT,AT335,Tiroler Unterland,AT3,AT33
AUT,AT341,Bludenz-Bregenzer Wald,AT3,AT34
AUT,AT342,Rheintal-Bodenseegebiet,AT3,AT34
AUT,AT226,Westliche Obersteiermark,AT2,AT22
AUT,AT311,Innviertel,AT3,AT31
AUT,AT312,Linz-Wels,AT3,AT31
AUT,AT313,Mühlviertel,AT3,AT31
AUT,AT314,Steyr-Kirchdorf,AT3,AT31
AUT,AT315,Traunviertel,AT3,AT31
AUT,AT321,Lungau,AT3,AT32
AUT,AT322,Pinzgau-Pongau,AT3,AT32
AUT,AT323,Salzburg und Umgebung,AT3,AT32
AUT,AT331,Außerfern,AT3,AT33
AUT,AT332,Innsbruck,AT3,AT33
AUT,AT333,Osttirol,AT3,AT33
BEL,BE100,Arr. de Bruxelles-Capitale/Arr. Brussel-Hoofdstad,BE1,BE10
BEL,BE211,Arr. Antwerpen,BE2,BE21
BEL,BE234,Arr. Gent,BE2,BE23
BEL,BE235,Arr. Oudenaarde,BE2,BE23
BEL,BE236,Arr. Sint-Niklaas,BE2,BE23
BEL,BE241,Arr. Halle-Vilvoorde,BE2,BE24
BEL,BE32D,Arr. Thuin,BE3,BE32
BEL,BE331,Arr. Huy,BE3,BE33
BEL,BE332,Arr. Liège,BE3,BE33
BEL,BE334,Arr. Waremme,BE3,BE33
BEL,BE335,Arr. Verviers — communes francophones,BE3,BE33
BEL,BE336,Bezirk Verviers — Deutschsprachige Gemeinschaft,BE3,BE33
BEL,BE341,Arr. Arlon,BE3,BE34
BEL,BE242,Arr. Leuven,BE2,BE24
BEL,BE251,Arr. Brugge,BE2,BE25
BEL,BE252,Arr. Diksmuide,BE2,BE25
BEL,BE253,Arr. Ieper,BE2,BE25
BEL,BE254,Arr. Kortrijk,BE2,BE25
BEL,BE255,Arr. Oostende,BE2,BE25
BEL,BE256,Arr. Roeselare,BE2,BE25
BEL,BE257,Arr. Tielt,BE2,BE25
BEL,BE258,Arr. Veurne,BE2,BE25
BEL,BE310,Arr. Nivelles,BE3,BE31
BEL,BE323,Arr. Mons,BE3,BE32
BEL,BE328,Arr. Tournai-Mouscron,BE3,BE32
BEL,BE329,Arr. La Louvière,BE3,BE32
BEL,BE32A,Arr. Ath,BE3,BE32
BEL,BE32B,Arr. Charleroi,BE3,BE32
BEL,BE32C,Arr. Soignies,BE3,BE32
BEL,BE212,Arr. Mechelen,BE2,BE21
BEL,BE213,Arr. Turnhout,BE2,BE21
BEL,BE223,Arr. Tongeren,BE2,BE22
BEL,BE224,Arr. Hasselt,BE2,BE22
BEL,BE225,Arr. Maaseik,BE2,BE22
BEL,BE231,Arr. Aalst,BE2,BE23
BEL,BE232,Arr. Dendermonde,BE2,BE23
BEL,BE233,Arr. Eeklo,BE2,BE23
BEL,BE342,Arr. Bastogne,BE3,BE34
BEL,BE343,Arr. Marche-en-Famenne,BE3,BE34
BEL,BE344,Arr. Neufchâteau,BE3,BE34
BEL,BE345,Arr. Virton,BE3,BE34
BEL,BE351,Arr. Dinant,BE3,BE35
BEL,BE352,Arr. Namur,BE3,BE35
BEL,BE353,Arr. Philippeville,BE3,BE35
BGR,BG322,Gabrovo,BG3,BG32
BGR,BG323,Ruse,BG3,BG32
BGR,BG324,Razgrad,BG3,BG32
BGR,BG311,Vidin,BG3,BG31
BGR,BG312,Montana,BG3,BG31
BGR,BG313,Vratsa,BG3,BG31
BGR,BG314,Pleven,BG3,BG31
BGR,BG315,Lovech,BG3,BG31
BGR,BG321,Veliko Tarnovo,BG3,BG32
BGR,BG333,Shumen,BG3,BG33
BGR,BG334,Targovishte,BG3,BG33
BGR,BG412,Sofia,BG4,BG41
BGR,BG413,Blagoevgrad,BG4,BG41
BGR,BG414,Pernik,BG4,BG41
BGR,BG341,Burgas,BG3,BG34
BGR,BG342,Sliven,BG3,BG34
BGR,BG343,Yambol,BG3,BG34
BGR,BG344,Stara Zagora,BG3,BG34
BGR,BG411,Sofia (stolitsa),BG4,BG41
BGR,BG325,Silistra,BG3,BG32
BGR,BG331,Varna,BG3,BG33
BGR,BG332,Dobrich,BG3,BG33
BGR,BG415,Kyustendil,BG4,BG41
BGR,BG421,Plovdiv,BG4,BG42
BGR,BG422,Haskovo,BG4,BG42
BGR,BG423,Pazardzhik,BG4,BG42
BGR,BG424,Smolyan,BG4,BG42
BGR,BG425,Kardzhali,BG4,BG42
CHE,CH012,Valais / Wallis,CH0,CH01
CHE,CH013,Genève,CH0,CH01
CHE,CH021,Bern / Berne,CH0,CH02
CHE,CH011,Vaud,CH0,CH01
CHE,CH025,Jura,CH0,CH02
CHE,CH031,Basel-Stadt,CH0,CH03
CHE,CH032,Basel-Landschaft,CH0,CH03
CHE,CH056,Graubünden / Grigioni / Grischun,CH0,CH05
CHE,CH057,Thurgau,CH0,CH05
CHE,CH061,Luzern,CH0,CH06
CHE,CH062,Uri,CH0,CH06
CHE,CH033,Aargau,CH0,CH03
CHE,CH040,Zürich,CH0,CH04
CHE,CH051,Glarus,CH0,CH05
CHE,CH052,Schaffhausen,CH0,CH05
CHE,CH053,Appenzell Ausserrhoden,CH0,CH05
CHE,CH054,Appenzell Innerrhoden,CH0,CH05
CHE,CH055,St. Gallen,CH0,CH05
CHE,CH022,Fribourg / Freiburg,CH0,CH02
CHE,CH023,Solothurn,CH0,CH02
CHE,CH024,Neuchâtel,CH0,CH02
CHE,CH063,Schwyz,CH0,CH06
CHE,CH064,Obwalden,CH0,CH06
CHE,CH065,Nidwalden,CH0,CH06
CHE,CH066,Zug,CH0,CH06
CHE,CH070,Ticino,CH0,CH07
CYP,CY000,Kýpros,CY0,CY00
CZE,CZ031,Jihočeský kraj,CZ0,CZ03
CZE,CZ032,Plzeňský kraj,CZ0,CZ03
CZE,CZ010,Hlavní město Praha,CZ0,CZ01
CZE,CZ020,Středočeský kraj,CZ0,CZ02
CZE,CZ051,Liberecký kraj,CZ0,CZ05
CZE,CZ064,Jihomoravský kraj,CZ0,CZ06
CZE,CZ071,Olomoucký kraj,CZ0,CZ07
CZE,CZ052,Královéhradecký kraj,CZ0,CZ05
CZE,CZ053,Pardubický kraj,CZ0,CZ05
CZE,CZ063,Kraj Vysočina,CZ0,CZ06
CZE,CZ041,Karlovarský kraj,CZ0,CZ04
CZE,CZ042,Ústecký kraj,CZ0,CZ04
CZE,CZ072,Zlínský kraj,CZ0,CZ07
CZE,CZ080,Moravskoslezský kraj,CZ0,CZ08
DEU,DE11B,Main-Tauber-Kreis,DE1,DE11
DEU,DE11C,Heidenheim,DE1,DE11
DEU,DE11D,Ostalbkreis,DE1,DE11
DEU,DE121,"Baden-Baden, Stadtkreis",DE1,DE12
DEU,DE122,"Karlsruhe, Stadtkreis",DE1,DE12
DEU,DE111,"Stuttgart, Stadtkreis",DE1,DE11
DEU,DE112,Böblingen,DE1,DE11
DEU,DE113,Esslingen,DE1,DE11
DEU,DE114,Göppingen,DE1,DE11
DEU,DE115,Ludwigsburg,DE1,DE11
DEU,DE116,Rems-Murr-Kreis,DE1,DE11
DEU,DE117,"Heilbronn, Stadtkreis",DE1,DE11
DEU,DE118,"Heilbronn, Landkreis",DE1,DE11
DEU,DE119,Hohenlohekreis,DE1,DE11
DEU,DE11A,Schwäbisch Hall,DE1,DE11
DEU,DE12A,Calw,DE1,DE12
DEU,DE12B,Enzkreis,DE1,DE12
DEU,DE12C,Freudenstadt,DE1,DE12
DEU,DE131,"Freiburg im Breisgau, Stadtkreis",DE1,DE13
DEU,DE13A,Waldshut,DE1,DE13
DEU,DE141,Reutlingen,DE1,DE14
DEU,DE142,"Tübingen, Landkreis",DE1,DE14
DEU,DE143,Zollernalbkreis,DE1,DE14
DEU,DE144,"Ulm, Stadtkreis",DE1,DE14
DEU,DE145,Alb-Donau-Kreis,DE1,DE14
DEU,DE132,Breisgau-Hochschwarzwald,DE1,DE13
DEU,DE133,Emmendingen,DE1,DE13
DEU,DE134,Ortenaukreis,DE1,DE13
DEU,DE135,Rottweil,DE1,DE13
DEU,DE136,Schwarzwald-Baar-Kreis,DE1,DE13
DEU,DE137,Tuttlingen,DE1,DE13
DEU,DE138,Konstanz,DE1,DE13
DEU,DE139,Lörrach,DE1,DE13
DEU,DE123,"Karlsruhe, Landkreis",DE1,DE12
DEU,DE124,Rastatt,DE1,DE12
DEU,DE125,"Heidelberg, Stadtkreis",DE1,DE12
DEU,DE126,"Mannheim, Stadtkreis",DE1,DE12
DEU,DE127,Neckar-Odenwald-Kreis,DE1,DE12
DEU,DE128,Rhein-Neckar-Kreis,DE1,DE12
DEU,DE129,"Pforzheim, Stadtkreis",DE1,DE12
DEU,DE21H,"München, Landkreis",DE2,DE21
DEU,DE21I,Neuburg-Schrobenhausen,DE2,DE21
DEU,DE21J,Pfaffenhofen a. d. Ilm,DE2,DE21
DEU,DE21K,"Rosenheim, Landkreis",DE2,DE21
DEU,DE21L,Starnberg,DE2,DE21
DEU,DE21M,Traunstein,DE2,DE21
DEU,DE146,Biberach,DE1,DE14
DEU,DE147,Bodenseekreis,DE1,DE14
DEU,DE148,Ravensburg,DE1,DE14
DEU,DE149,Sigmaringen,DE1,DE14
DEU,DE211,"Ingolstadt, Kreisfreie Stadt",DE2,DE21
DEU,DE212,"München, Kreisfreie Stadt",DE2,DE21
DEU,DE213,"Rosenheim, Kreisfreie Stadt",DE2,DE21
DEU,DE214,Altötting,DE2,DE21
DEU,DE215,Berchtesgadener Land,DE2,DE21
DEU,DE216,Bad Tölz-Wolfratshausen,DE2,DE21
DEU,DE217,Dachau,DE2,DE21
DEU,DE218,Ebersberg,DE2,DE21
DEU,DE219,Eichstätt,DE2,DE21
DEU,DE21A,Erding,DE2,DE21
DEU,DE21B,Freising,DE2,DE21
DEU,DE21C,Fürstenfeldbruck,DE2,DE21
DEU,DE21D,Garmisch-Partenkirchen,DE2,DE21
DEU,DE21E,Landsberg am Lech,DE2,DE21
DEU,DE21F,Miesbach,DE2,DE21
DEU,DE21G,Mühldorf a. Inn,DE2,DE21
DEU,DE228,"Passau, Landkreis",DE2,DE22
DEU,DE229,Regen,DE2,DE22
DEU,DE22A,Rottal-Inn,DE2,DE22
DEU,DE238,"Regensburg, Landkreis",DE2,DE23
DEU,DE239,Schwandorf,DE2,DE23
DEU,DE23A,Tirschenreuth,DE2,DE23
DEU,DE241,"Bamberg, Kreisfreie Stadt",DE2,DE24
DEU,DE242,"Bayreuth, Kreisfreie Stadt",DE2,DE24
DEU,DE243,"Coburg, Kreisfreie Stadt",DE2,DE24
DEU,DE244,"Hof, Kreisfreie Stadt",DE2,DE24
DEU,DE245,"Bamberg, Landkreis",DE2,DE24
DEU,DE22B,Straubing-Bogen,DE2,DE22
DEU,DE22C,Dingolfing-Landau,DE2,DE22
DEU,DE231,"Amberg, Kreisfreie Stadt",DE2,DE23
DEU,DE232,"Regensburg, Kreisfreie Stadt",DE2,DE23
DEU,DE233,"Weiden i. d. Opf, Kreisfreie Stadt",DE2,DE23
DEU,DE234,Amberg-Sulzbach,DE2,DE23
DEU,DE235,Cham,DE2,DE23
DEU,DE236,Neumarkt i. d. OPf.,DE2,DE23
DEU,DE237,Neustadt a. d. Waldnaab,DE2,DE23
DEU,DE21N,Weilheim-Schongau,DE2,DE21
DEU,DE221,"Landshut, Kreisfreie Stadt",DE2,DE22
DEU,DE222,"Passau, Kreisfreie Stadt",DE2,DE22
DEU,DE223,"Straubing, Kreisfreie Stadt",DE2,DE22
DEU,DE224,Deggendorf,DE2,DE22
DEU,DE225,Freyung-Grafenau,DE2,DE22
DEU,DE226,Kelheim,DE2,DE22
DEU,DE227,"Landshut, Landkreis",DE2,DE22
DEU,DE25C,Weißenburg-Gunzenhausen,DE2,DE25
DEU,DE261,"Aschaffenburg, Kreisfreie Stadt",DE2,DE26
DEU,DE262,"Schweinfurt, Kreisfreie Stadt",DE2,DE26
DEU,DE263,"Würzburg, Kreisfreie Stadt",DE2,DE26
DEU,DE264,"Aschaffenburg, Landkreis",DE2,DE26
DEU,DE265,Bad Kissingen,DE2,DE26
DEU,DE266,Rhön-Grabfeld,DE2,DE26
DEU,DE267,Haßberge,DE2,DE26
DEU,DE246,"Bayreuth, Landkreis",DE2,DE24
DEU,DE247,"Coburg, Landkreis",DE2,DE24
DEU,DE248,Forchheim,DE2,DE24
DEU,DE249,"Hof, Landkreis",DE2,DE24
DEU,DE24A,Kronach,DE2,DE24
DEU,DE24B,Kulmbach,DE2,DE24
DEU,DE24C,Lichtenfels,DE2,DE24
DEU,DE24D,Wunsiedel i. Fichtelgebirge,DE2,DE24
DEU,DE251,"Ansbach, Kreisfreie Stadt",DE2,DE25
DEU,DE252,"Erlangen, Kreisfreie Stadt",DE2,DE25
DEU,DE253,"Fürth, Kreisfreie Stadt",DE2,DE25
DEU,DE254,"Nürnberg, Kreisfreie Stadt",DE2,DE25
DEU,DE255,"Schwabach, Kreisfreie Stadt",DE2,DE25
DEU,DE256,"Ansbach, Landkreis",DE2,DE25
DEU,DE257,Erlangen-Höchstadt,DE2,DE25
DEU,DE258,"Fürth, Landkreis",DE2,DE25
DEU,DE259,Nürnberger Land,DE2,DE25
DEU,DE25A,Neustadt a. d. Aisch-Bad Windsheim,DE2,DE25
DEU,DE25B,Roth,DE2,DE25
DEU,DE273,"Kempten (Allgäu), Kreisfreie Stadt",DE2,DE27
DEU,DE274,"Memmingen, Kreisfreie Stadt",DE2,DE27
DEU,DE275,Aichach-Friedberg,DE2,DE27
DEU,DE276,"Augsburg, Landkreis",DE2,DE27
DEU,DE401,"Brandenburg an der Havel, Kreisfreie Stadt",DE4,DE40
DEU,DE402,"Cottbus, Kreisfreie Stadt",DE4,DE40
DEU,DE403,"Frankfurt (Oder), Kreisfreie Stadt",DE4,DE40
DEU,DE404,"Potsdam, Kreisfreie Stadt",DE4,DE40
DEU,DE405,Barnim,DE4,DE40
DEU,DE406,Dahme-Spreewald,DE4,DE40
DEU,DE407,Elbe-Elster,DE4,DE40
DEU,DE277,Dillingen a.d. Donau,DE2,DE27
DEU,DE278,Günzburg,DE2,DE27
DEU,DE279,Neu-Ulm,DE2,DE27
DEU,DE27A,Lindau (Bodensee),DE2,DE27
DEU,DE27B,Ostallgäu,DE2,DE27
DEU,DE27C,Unterallgäu,DE2,DE27
DEU,DE27D,Donau-Ries,DE2,DE27
DEU,DE27E,Oberallgäu,DE2,DE27
DEU,DE300,Berlin,DE3,DE30
DEU,DE268,Kitzingen,DE2,DE26
DEU,DE269,Miltenberg,DE2,DE26
DEU,DE26A,Main-Spessart,DE2,DE26
DEU,DE26B,"Schweinfurt, Landkreis",DE2,DE26
DEU,DE26C,"Würzburg, Landkreis",DE2,DE26
DEU,DE271,"Augsburg, Kreisfreie Stadt",DE2,DE27
DEU,DE272,"Kaufbeuren, Kreisfreie Stadt",DE2,DE27
DEU,DEA1F,Wesel,DEA,DEA1
DEU,DEA22,"Bonn, Kreisfreie Stadt",DEA,DEA2
DEU,DEA23,"Köln, Kreisfreie Stadt",DEA,DEA2
DEU,DEA24,"Leverkusen, Kreisfreie Stadt",DEA,DEA2
DEU,DEA26,Düren,DEA,DEA2
DEU,DEB3E,Germersheim,DEB,DEB3
DEU,DEB3F,"Kaiserslautern, Landkreis",DEB,DEB3
DEU,DEB3G,Kusel,DEB,DEB3
DEU,DEF03,"Lübeck, Kreisfreie Stadt",DEF,DEF0
DEU,DEF04,"Neumünster, Kreisfreie Stadt",DEF,DEF0
DEU,DEF05,Dithmarschen,DEF,DEF0
DEU,DEF06,Herzogtum Lauenburg,DEF,DEF0
DEU,DEA27,Rhein-Erft-Kreis,DEA,DEA2
DEU,DEA28,Euskirchen,DEA,DEA2
DEU,DEA29,Heinsberg,DEA,DEA2
DEU,DEB3H,Südliche Weinstraße,DEB,DEB3
DEU,DEB3I,Rhein-Pfalz-Kreis,DEB,DEB3
DEU,DEB3J,Mainz-Bingen,DEB,DEB3
DEU,DEF07,Nordfriesland,DEF,DEF0
DEU,DEA2A,Oberbergischer Kreis,DEA,DEA2
DEU,DEA2B,Rheinisch-Bergischer Kreis,DEA,DEA2
DEU,DEA2C,Rhein-Sieg-Kreis,DEA,DEA2
DEU,DEB3K,Südwestpfalz,DEB,DEB3
DEU,DEC01,Regionalverband Saarbrücken,DEC,DEC0
DEU,DEC02,Merzig-Wadern,DEC,DEC0
DEU,DEC03,Neunkirchen,DEC,DEC0
DEU,DEF08,Ostholstein,DEF,DEF0
DEU,DEF09,Pinneberg,DEF,DEF0
DEU,DEF0A,Plön,DEF,DEF0
DEU,DEA2D,Städteregion Aachen,DEA,DEA2
DEU,DEA31,"Bottrop, Kreisfreie Stadt",DEA,DEA3
DEU,DEA32,"Gelsenkirchen, Kreisfreie Stadt",DEA,DEA3
DEU,DEA33,"Münster, Kreisfreie Stadt",DEA,DEA3
DEU,DEA34,Borken,DEA,DEA3
DEU,DEC04,Saarlouis,DEC,DEC0
DEU,DEC05,Saarpfalz-Kreis,DEC,DEC0
DEU,DEC06,St. Wendel,DEC,DEC0
DEU,DED21,"Dresden, Kreisfreie Stadt",DED,DED2
DEU,DEF0B,Rendsburg-Eckernförde,DEF,DEF0
DEU,DEF0C,Schleswig-Flensburg,DEF,DEF0
DEU,DEA35,Coesfeld,DEA,DEA3
DEU,DEA36,Recklinghausen,DEA,DEA3
DEU,DEA37,Steinfurt,DEA,DEA3
DEU,DEA38,Warendorf,DEA,DEA3
DEU,DED2C,Bautzen,DED,DED2
DEU,DED2D,Görlitz,DED,DED2
DEU,DEF0D,Segeberg,DEF,DEF0
DEU,DEF0E,Steinburg,DEF,DEF0
DEU,DEF0F,Stormarn,DEF,DEF0
DEU,DEA41,"Bielefeld, Kreisfreie Stadt",DEA,DEA4
DEU,DEA42,Gütersloh,DEA,DEA4
DEU,DEA43,Herford,DEA,DEA4
DEU,DEA44,Höxter,DEA,DEA4
DEU,DEA45,Lippe,DEA,DEA4
DEU,DED2E,Meißen,DED,DED2
DEU,DED2F,Sächsische Schweiz-Osterzgebirge,DED,DED2
DEU,DED41,"Chemnitz, Kreisfreie Stadt",DED,DED4
DEU,DEG01,"Erfurt, Kreisfreie Stadt",DEG,DEG0
DEU,DEG02,"Gera, Kreisfreie Stadt",DEG,DEG0
DEU,DEG03,"Jena, Kreisfreie Stadt",DEG,DEG0
DEU,DEG05,"Weimar, Kreisfreie Stadt",DEG,DEG0
DEU,DEG06,Eichsfeld,DEG,DEG0
DEU,DEG07,Nordhausen,DEG,DEG0
DEU,DEA46,Minden-Lübbecke,DEA,DEA4
DEU,DEA47,Paderborn,DEA,DEA4
DEU,DEA51,"Bochum, Kreisfreie Stadt",DEA,DEA5
DEU,DEA52,"Dortmund, Kreisfreie Stadt",DEA,DEA5
DEU,DEA53,"Hagen, Kreisfreie Stadt",DEA,DEA5
DEU,DEA54,"Hamm, Kreisfreie Stadt",DEA,DEA5
DEU,DEA55,"Herne, Kreisfreie Stadt",DEA,DEA5
DEU,DED42,Erzgebirgskreis,DED,DED4
DEU,DED43,Mittelsachsen,DED,DED4
DEU,DEG09,Unstrut-Hainich-Kreis,DEG,DEG0
DEU,DEG0A,Kyffhäuserkreis,DEG,DEG0
DEU,DEG0C,Gotha,DEG,DEG0
DEU,DEA56,Ennepe-Ruhr-Kreis,DEA,DEA5
DEU,DEA57,Hochsauerlandkreis,DEA,DEA5
DEU,DEA58,Märkischer Kreis,DEA,DEA5
DEU,DEA59,Olpe,DEA,DEA5
DEU,DED44,Vogtlandkreis,DED,DED4
DEU,DED45,Zwickau,DED,DED4
DEU,DED51,"Leipzig, Kreisfreie Stadt",DED,DED5
DEU,DEG0D,Sömmerda,DEG,DEG0
DEU,DEG0E,Hildburghausen,DEG,DEG0
DEU,DEG0G,Weimarer Land,DEG,DEG0
DEU,DEA5A,Siegen-Wittgenstein,DEA,DEA5
DEU,DEA5B,Soest,DEA,DEA5
DEU,DEA5C,Unna,DEA,DEA5
DEU,DEB11,"Koblenz, Kreisfreie Stadt",DEB,DEB1
DEU,DED52,Leipzig,DED,DED5
DEU,DED53,Nordsachsen,DED,DED5
DEU,DEG0J,Saale-Holzland-Kreis,DEG,DEG0
DEU,DEG0K,Saale-Orla-Kreis,DEG,DEG0
DEU,DEG0L,Greiz,DEG,DEG0
DEU,DEB12,Ahrweiler,DEB,DEB1
DEU,DEB13,Altenkirchen (Westerwald),DEB,DEB1
DEU,DEB14,Bad Kreuznach,DEB,DEB1
DEU,DEE01,"Dessau-Roßlau, Kreisfreie Stadt",DEE,DEE0
DEU,DEE02,"Halle (Saale), Kreisfreie Stadt",DEE,DEE0
DEU,DEE03,"Magdeburg, Kreisfreie Stadt",DEE,DEE0
DEU,DEE04,Altmarkkreis Salzwedel,DEE,DEE0
DEU,DEG0M,Altenburger Land,DEG,DEG0
DEU,DEG0Q,Schmalkalden-Meiningen,DEG,DEG0
DEU,DEG0R,Wartburgkreis,DEG,DEG0
DEU,DEB15,Birkenfeld,DEB,DEB1
DEU,DEB17,Mayen-Koblenz,DEB,DEB1
DEU,DEB18,Neuwied,DEB,DEB1
DEU,DEE05,Anhalt-Bitterfeld,DEE,DEE0
DEU,DEE06,Jerichower Land,DEE,DEE0
DEU,DEG0S,"Suhl, Kreisfreie Stadt",DEG,DEG0
DEU,DEG0T,Ilm-Kreis,DEG,DEG0
DEU,DEG0U,Saalfeld-Rudolstadt,DEG,DEG0
DEU,DEG0V,Sonneberg,DEG,DEG0
DEU,DEB1A,Rhein-Lahn-Kreis,DEB,DEB1
DEU,DEB1B,Westerwaldkreis,DEB,DEB1
DEU,DEB1C,Cochem-Zell,DEB,DEB1
DEU,DEE07,Börde,DEE,DEE0
DEU,DEE08,Burgenlandkreis,DEE,DEE0
DEU,DEB1D,Rhein-Hunsrück-Kreis,DEB,DEB1
DEU,DEB21,"Trier, Kreisfreie Stadt",DEB,DEB2
DEU,DEB22,Bernkastel-Wittlich,DEB,DEB2
DEU,DEE09,Harz,DEE,DEE0
DEU,DEE0A,Mansfeld-Südharz,DEE,DEE0
DEU,DEB23,Eifelkreis Bitburg-Prüm,DEB,DEB2
DEU,DEB24,Vulkaneifel,DEB,DEB2
DEU,DEE0B,Saalekreis,DEE,DEE0
DEU,DEE0C,Salzlandkreis,DEE,DEE0
DEU,DE94H,Wittmund,DE9,DE94
DEU,DEA11,"Düsseldorf, Kreisfreie Stadt",DEA,DEA1
DEU,DEA12,"Duisburg, Kreisfreie Stadt",DEA,DEA1
DEU,DEA13,"Essen, Kreisfreie Stadt",DEA,DEA1
DEU,DEA14,"Krefeld, Kreisfreie Stadt",DEA,DEA1
DEU,DEA15,"Mönchengladbach, Kreisfreie Stadt",DEA,DEA1
DEU,DEA16,"Mülheim an der Ruhr, Kreisfreie Stadt",DEA,DEA1
DEU,DEA17,"Oberhausen, Kreisfreie Stadt",DEA,DEA1
DEU,DEA18,"Remscheid, Kreisfreie Stadt",DEA,DEA1
DEU,DEA19,"Solingen, Kreisfreie Stadt",DEA,DEA1
DEU,DEB25,Trier-Saarburg,DEB,DEB2
DEU,DEB31,"Frankenthal (Pfalz), Kreisfreie Stadt",DEB,DEB3
DEU,DEB32,"Kaiserslautern, Kreisfreie Stadt",DEB,DEB3
DEU,DEB33,"Landau in der Pfalz, Kreisfreie Stadt",DEB,DEB3
DEU,DEB34,"Ludwigshafen am Rhein, Kreisfreie Stadt",DEB,DEB3
DEU,DEB35,"Mainz, Kreisfreie Stadt",DEB,DEB3
DEU,DEB36,"Neustadt an der Weinstraße, Kreisfreie Stadt",DEB,DEB3
DEU,DEB37,"Pirmasens, Kreisfreie Stadt",DEB,DEB3
DEU,DEE0D,Stendal,DEE,DEE0
DEU,DEE0E,Wittenberg,DEE,DEE0
DEU,DEF01,"Flensburg, Kreisfreie Stadt",DEF,DEF0
DEU,DEF02,"Kiel, Kreisfreie Stadt",DEF,DEF0
DEU,DEA1A,"Wuppertal, Kreisfreie Stadt",DEA,DEA1
DEU,DEA1B,Kleve,DEA,DEA1
DEU,DEA1C,Mettmann,DEA,DEA1
DEU,DEA1D,Rhein-Kreis Neuss,DEA,DEA1
DEU,DEA1E,Viersen,DEA,DEA1
DEU,DEB38,"Speyer, Kreisfreie Stadt",DEB,DEB3
DEU,DEB39,"Worms, Kreisfreie Stadt",DEB,DEB3
DEU,DEB3A,"Zweibrücken, Kreisfreie Stadt",DEB,DEB3
DEU,DEB3B,Alzey-Worms,DEB,DEB3
DEU,DEB3C,Bad Dürkheim,DEB,DEB3
DEU,DEB3D,Donnersbergkreis,DEB,DEB3
DEU,DE91C,Göttingen,DE9,DE91
DEU,DE922,Diepholz,DE9,DE92
DEU,DE932,Cuxhaven,DE9,DE93
DEU,DE933,Harburg,DE9,DE93
DEU,DE934,Lüchow-Dannenberg,DE9,DE93
DEU,DE40I,Uckermark,DE4,DE40
DEU,DE501,"Bremen, Kreisfreie Stadt",DE5,DE50
DEU,DE502,"Bremerhaven, Kreisfreie Stadt",DE5,DE50
DEU,DE600,Hamburg,DE6,DE60
DEU,DE711,"Darmstadt, Kreisfreie Stadt",DE7,DE71
DEU,DE935,"Lüneburg, Landkreis",DE9,DE93
DEU,DE936,Osterholz,DE9,DE93
DEU,DE937,Rotenburg (Wümme),DE9,DE93
DEU,DE712,"Frankfurt am Main, Kreisfreie Stadt",DE7,DE71
DEU,DE713,"Offenbach am Main, Kreisfreie Stadt",DE7,DE71
DEU,DE714,"Wiesbaden, Kreisfreie Stadt",DE7,DE71
DEU,DE715,Bergstraße,DE7,DE71
DEU,DE716,Darmstadt-Dieburg,DE7,DE71
DEU,DE717,Groß-Gerau,DE7,DE71
DEU,DE938,Heidekreis,DE9,DE93
DEU,DE939,Stade,DE9,DE93
DEU,DE718,Hochtaunuskreis,DE7,DE71
DEU,DE719,Main-Kinzig-Kreis,DE7,DE71
DEU,DE71A,Main-Taunus-Kreis,DE7,DE71
DEU,DE71B,Odenwaldkreis,DE7,DE71
DEU,DE93A,Uelzen,DE9,DE93
DEU,DE93B,Verden,DE9,DE93
DEU,DE941,"Delmenhorst, Kreisfreie Stadt",DE9,DE94
DEU,DE942,"Emden, Kreisfreie Stadt",DE9,DE94
DEU,DE943,"Oldenburg (Oldenburg), Kreisfreie Stadt",DE9,DE94
DEU,DE944,"Osnabrück, Kreisfreie Stadt",DE9,DE94
DEU,DE945,"Wilhelmshaven, Kreisfreie Stadt",DE9,DE94
DEU,DE71C,"Offenbach, Landkreis",DE7,DE71
DEU,DE71D,Rheingau-Taunus-Kreis,DE7,DE71
DEU,DE71E,Wetteraukreis,DE7,DE71
DEU,DE721,"Gießen, Landkreis",DE7,DE72
DEU,DE946,Ammerland,DE9,DE94
DEU,DE947,Aurich,DE9,DE94
DEU,DE948,Cloppenburg,DE9,DE94
DEU,DE722,Lahn-Dill-Kreis,DE7,DE72
DEU,DE723,Limburg-Weilburg,DE7,DE72
DEU,DE724,Marburg-Biedenkopf,DE7,DE72
DEU,DE949,Emsland,DE9,DE94
DEU,DE94A,Friesland (DE),DE9,DE94
DEU,DE94B,Grafschaft Bentheim,DE9,DE94
DEU,DE94C,Leer,DE9,DE94
DEU,DE725,Vogelsbergkreis,DE7,DE72
DEU,DE731,"Kassel, Kreisfreie Stadt",DE7,DE73
DEU,DE732,Fulda,DE7,DE73
DEU,DE733,Hersfeld-Rotenburg,DE7,DE73
DEU,DE94D,"Oldenburg, Landkreis",DE9,DE94
DEU,DE94E,"Osnabrück, Landkreis",DE9,DE94
DEU,DE94F,Vechta,DE9,DE94
DEU,DE94G,Wesermarsch,DE9,DE94
DEU,DE734,"Kassel, Landkreis",DE7,DE73
DEU,DE735,Schwalm-Eder-Kreis,DE7,DE73
DEU,DE736,Waldeck-Frankenberg,DE7,DE73
DEU,DE737,Werra-Meißner-Kreis,DE7,DE73
DEU,DE803,"Rostock, Kreisfreie Stadt",DE8,DE80
DEU,DE804,"Schwerin, Kreisfreie Stadt",DE8,DE80
DEU,DE80J,Mecklenburgische Seenplatte,DE8,DE80
DEU,DE80K,Landkreis Rostock,DE8,DE80
DEU,DE408,Havelland,DE4,DE40
DEU,DE409,Märkisch-Oderland,DE4,DE40
DEU,DE80L,Vorpommern-Rügen,DE8,DE80
DEU,DE80M,Nordwestmecklenburg,DE8,DE80
DEU,DE40A,Oberhavel,DE4,DE40
DEU,DE40B,Oberspreewald-Lausitz,DE4,DE40
DEU,DE80N,Vorpommern-Greifswald,DE8,DE80
DEU,DE923,Hameln-Pyrmont,DE9,DE92
DEU,DE925,Hildesheim,DE9,DE92
DEU,DE926,Holzminden,DE9,DE92
DEU,DE40C,Oder-Spree,DE4,DE40
DEU,DE40D,Ostprignitz-Ruppin,DE4,DE40
DEU,DE80O,Ludwigslust-Parchim,DE8,DE80
DEU,DE911,"Braunschweig, Kreisfreie Stadt",DE9,DE91
DEU,DE912,"Salzgitter, Kreisfreie Stadt",DE9,DE91
DEU,DE913,"Wolfsburg, Kreisfreie Stadt",DE9,DE91
DEU,DE927,Nienburg (Weser),DE9,DE92
DEU,DE928,Schaumburg,DE9,DE92
DEU,DE40E,Potsdam-Mittelmark,DE4,DE40
DEU,DE40F,Prignitz,DE4,DE40
DEU,DE914,Gifhorn,DE9,DE91
DEU,DE916,Goslar,DE9,DE91
DEU,DE917,Helmstedt,DE9,DE91
DEU,DE929,Region Hannover,DE9,DE92
DEU,DE931,Celle,DE9,DE93
DEU,DE40G,Spree-Neiße,DE4,DE40
DEU,DE40H,Teltow-Fläming,DE4,DE40
DEU,DE918,Northeim,DE9,DE91
DEU,DE91A,Peine,DE9,DE91
DEU,DE91B,Wolfenbüttel,DE9,DE91
DNK,DK032,Sydjylland,DK0,DK03
DNK,DK041,Vestjylland,DK0,DK04
DNK,DK042,Østjylland,DK0,DK04
DNK,DK050,Nordjylland,DK0,DK05
DNK,DK011,Byen København,DK0,DK01
DNK,DK012,Københavns omegn,DK0,DK01
DNK,DK013,Nordsjælland,DK0,DK01
DNK,DK014,Bornholm,DK0,DK01
DNK,DK021,Østsjælland,DK0,DK02
DNK,DK022,Vest- og Sydsjælland,DK0,DK02
DNK,DK031,Fyn,DK0,DK03
ESP,ES113,Ourense,ES1,ES11
ESP,ES111,A Coruña,ES1,ES11
ESP,ES112,Lugo,ES1,ES11
ESP,ES419,Zamora,ES4,ES41
ESP,ES424,Guadalajara,ES4,ES42
ESP,ES220,Navarra,ES2,ES22
ESP,ES425,Toledo,ES4,ES42
ESP,ES613,Córdoba,ES6,ES61
ESP,ES230,La Rioja,ES2,ES23
ESP,ES431,Badajoz,ES4,ES43
ESP,ES614,Granada,ES6,ES61
ESP,ES241,Huesca,ES2,ES24
ESP,ES432,Cáceres,ES4,ES43
ESP,ES615,Huelva,ES6,ES61
ESP,ES242,Teruel,ES2,ES24
ESP,ES511,Barcelona,ES5,ES51
ESP,ES616,Jaén,ES6,ES61
ESP,ES512,Girona,ES5,ES51
ESP,ES617,Málaga,ES6,ES61
ESP,ES243,Zaragoza,ES2,ES24
ESP,ES513,Lleida,ES5,ES51
ESP,ES618,Sevilla,ES6,ES61
ESP,ES300,Madrid,ES3,ES30
ESP,ES514,Tarragona,ES5,ES51
ESP,ES620,Murcia,ES6,ES62
ESP,ES630,Ceuta,ES6,ES63
ESP,ES640,Melilla,ES6,ES64
ESP,ES411,Ávila,ES4,ES41
ESP,ES521,Alicante/Alacant,ES5,ES52
ESP,ES522,Castellón/Castelló,ES5,ES52
ESP,ES523,Valencia/València,ES5,ES52
ESP,ES412,Burgos,ES4,ES41
ESP,ES531,Eivissa y Formentera,ES5,ES53
ESP,ES532,Mallorca,ES5,ES53
ESP,ES413,León,ES4,ES41
ESP,ES533,Menorca,ES5,ES53
ESP,ES611,Almería,ES6,ES61
ESP,ES114,Pontevedra,ES1,ES11
ESP,ES414,Palencia,ES4,ES41
ESP,ES612,Cádiz,ES6,ES61
ESP,ES120,Asturias,ES1,ES12
ESP,ES415,Salamanca,ES4,ES41
ESP,ES421,Albacete,ES4,ES42
ESP,ES130,Cantabria,ES1,ES13
ESP,ES416,Segovia,ES4,ES41
ESP,ES422,Ciudad Real,ES4,ES42
ESP,ES211,Araba/Álava,ES2,ES21
ESP,ES417,Soria,ES4,ES41
ESP,ES423,Cuenca,ES4,ES42
ESP,ES212,Gipuzkoa,ES2,ES21
ESP,ES213,Bizkaia,ES2,ES21
ESP,ES418,Valladolid,ES4,ES41
EST,EE001,Põhja-Eesti,EE0,EE00
EST,EE004,Lääne-Eesti,EE0,EE00
EST,EE008,Lõuna-Eesti,EE0,EE00
EST,EE009,Kesk-Eesti,EE0,EE00
EST,EE00A,Kirde-Eesti,EE0,EE00
FIN,FI1DA,Etelä-Savo,FI1,FI1D
FIN,FI1DB,Pohjois-Savo,FI1,FI1D
FIN,FI1DC,Pohjois-Karjala,FI1,FI1D
FIN,FI1C2,Kanta-Häme,FI1,FI1C
FIN,FI1C5,Etelä-Karjala,FI1,FI1C
FIN,FI1C6,Päijät-Häme,FI1,FI1C
FIN,FI1C7,Kymenlaakso,FI1,FI1C
FIN,FI1D5,Keski-Pohjanmaa,FI1,FI1D
FIN,FI200,Åland,FI2,FI20
FIN,FI1D7,Lappi,FI1,FI1D
FIN,FI1D8,Kainuu,FI1,FI1D
FIN,FI1D9,Pohjois-Pohjanmaa,FI1,FI1D
FIN,FI19A,Pohjanmaa,FI1,FI19
FIN,FI19B,Pirkanmaa,FI1,FI19
FIN,FI1B1,Helsinki-Uusimaa,FI1,FI1B
FIN,FI1C1,Varsinais-Suomi,FI1,FI1C
FIN,FI196,Satakunta,FI1,FI19
FIN,FI198,Keski-Suomi,FI1,FI19
FIN,FI199,Etelä-Pohjanmaa,FI1,FI19
FRA,FRD13,Orne,FRD,FRD1
FRA,FRB02,Eure-et-Loir,FRB,FRB0
FRA,FRD21,Eure,FRD,FRD2
FRA,FRB03,Indre,FRB,FRB0
FRA,FRD22,Seine-Maritime,FRD,FRD2
FRA,FRB04,Indre-et-Loire,FRB,FRB0
FRA,FRF12,Haut-Rhin,FRF,FRF1
FRA,FRB05,Loir-et-Cher,FRB,FRB0
FRA,FRF21,Ardennes,FRF,FRF2
FRA,FRB06,Loiret,FRB,FRB0
FRA,FRF23,Marne,FRF,FRF2
FRA,FRF22,Aube,FRF,FRF2
FRA,FRC11,Côte-d’Or,FRC,FRC1
FRA,FRC12,Nièvre,FRC,FRC1
FRA,FRE11,Nord,FRE,FRE1
FRA,FRC13,Saône-et-Loire,FRC,FRC1
FRA,FRC14,Yonne,FRC,FRC1
FRA,FRE12,Pas-de-Calais,FRE,FRE1
FRA,FRC21,Doubs,FRC,FRC2
FRA,FRE21,Aisne,FRE,FRE2
FRA,FR101,Paris,FR1,FR10
FRA,FRC22,Jura,FRC,FRC2
FRA,FRE22,Oise,FRE,FRE2
FRA,FR102,Seine-et-Marne ,FR1,FR10
FRA,FRC23,Haute-Saône,FRC,FRC2
FRA,FRE23,Somme,FRE,FRE2
FRA,FR103,Yvelines ,FR1,FR10
FRA,FR104,Essonne,FR1,FR10
FRA,FRC24,Territoire de Belfort,FRC,FRC2
FRA,FRF11,Bas-Rhin,FRF,FRF1
FRA,FR105,Hauts-de-Seine ,FR1,FR10
FRA,FR106,Seine-Saint-Denis ,FR1,FR10
FRA,FR107,Val-de-Marne,FR1,FR10
FRA,FR108,Val-d’Oise,FR1,FR10
FRA,FRD11,Calvados ,FRD,FRD1
FRA,FRB01,Cher,FRB,FRB0
FRA,FRD12,Manche ,FRD,FRD1
FRA,FRL02,Hautes-Alpes ,FRL,FRL0
FRA,FRJ27,Tarn,FRJ,FRJ2
FRA,FRL03,Alpes-Maritimes,FRL,FRL0
FRA,FRH01,Côtes-d’Armor,FRH,FRH0
FRA,FRI32,Charente-Maritime,FRI,FRI3
FRA,FRJ28,Tarn-et-Garonne,FRJ,FRJ2
FRA,FRL04,Bouches-du-Rhône,FRL,FRL0
FRA,FRI33,Deux-Sèvres,FRI,FRI3
FRA,FRK11,Allier,FRK,FRK1
FRA,FRH02,Finistère,FRH,FRH0
FRA,FRI34,Vienne,FRI,FRI3
FRA,FRK12,Cantal,FRK,FRK1
FRA,FRH03,Ille-et-Vilaine,FRH,FRH0
FRA,FRJ11,Aude,FRJ,FRJ1
FRA,FRK13,Haute-Loire,FRK,FRK1
FRA,FRJ12,Gard,FRJ,FRJ1
FRA,FRK14,Puy-de-Dôme,FRK,FRK1
FRA,FRH04,Morbihan,FRH,FRH0
FRA,FRJ13,Hérault,FRJ,FRJ1
FRA,FRK21,Ain,FRK,FRK2
FRA,FRL05,Var,FRL,FRL0
FRA,FRI11,Dordogne,FRI,FRI1
FRA,FRJ14,Lozère,FRJ,FRJ1
FRA,FRK22,Ardèche,FRK,FRK2
FRA,FRL06,Vaucluse,FRL,FRL0
FRA,FRI12,Gironde,FRI,FRI1
FRA,FRJ15,Pyrénées-Orientales,FRJ,FRJ1
FRA,FRK23,Drôme,FRK,FRK2
FRA,FRM01,Corse-du-Sud,FRM,FRM0
FRA,FRI13,Landes,FRI,FRI1
FRA,FRJ21,Ariège,FRJ,FRJ2
FRA,FRK24,Isère,FRK,FRK2
FRA,FRM02,Haute-Corse,FRM,FRM0
FRA,FRI14,Lot-et-Garonne,FRI,FRI1
FRA,FRJ22,Aveyron,FRJ,FRJ2
FRA,FRK25,Loire,FRK,FRK2
FRA,FRI15,Pyrénées-Atlantiques,FRI,FRI1
FRA,FRK26,Rhône,FRK,FRK2
FRA,FRI21,Corrèze,FRI,FRI2
FRA,FRJ23,Haute-Garonne,FRJ,FRJ2
FRA,FRJ24,Gers,FRJ,FRJ2
FRA,FRK27,Savoie,FRK,FRK2
FRA,FRI22,Creuse,FRI,FRI2
FRA,FRJ25,Lot,FRJ,FRJ2
FRA,FRK28,Haute-Savoie,FRK,FRK2
FRA,FRG04,Sarthe,FRG,FRG0
FRA,FRI23,Haute-Vienne,FRI,FRI2
FRA,FRJ26,Hautes-Pyrénées ,FRJ,FRJ2
FRA,FRL01,Alpes-de-Haute-Provence,FRL,FRL0
FRA,FRG05,Vendée,FRG,FRG0
FRA,FRI31,Charente,FRI,FRI3
FRA,FRF33,Moselle,FRF,FRF3
FRA,FRF34,Vosges,FRF,FRF3
FRA,FRG01,Loire-Atlantique,FRG,FRG0
FRA,FRG02,Maine-et-Loire,FRG,FRG0
FRA,FRG03,Mayenne,FRG,FRG0
FRA,FRF24,Haute-Marne,FRF,FRF2
FRA,FRF31,Meurthe-et-Moselle ,FRF,FRF3
FRA,FRF32,Meuse ,FRF,FRF3
HRV,HR022,Virovitičko-podravska županija,HR0,HR02
HRV,HR023,Požeško-slavonska županija,HR0,HR02
HRV,HR024,Brodsko-posavska županija,HR0,HR02
HRV,HR025,Osječko-baranjska županija,HR0,HR02
HRV,HR028,Sisačko-moslavačka županija,HR0,HR02
HRV,HR026,Vukovarsko-srijemska županija,HR0,HR02
HRV,HR027,Karlovačka županija,HR0,HR02
HRV,HR021,Bjelovarsko-bilogorska županija,HR0,HR02
HRV,HR031,Primorsko-goranska županija,HR0,HR03
HRV,HR032,Ličko-senjska županija,HR0,HR03
HRV,HR033,Zadarska županija,HR0,HR03
HRV,HR034,Šibensko-kninska županija,HR0,HR03
HRV,HR035,Splitsko-dalmatinska županija,HR0,HR03
HRV,HR036,Istarska županija,HR0,HR03
HRV,HR037,Dubrovačko-neretvanska županija,HR0,HR03
HRV,HR050,Grad Zagreb,HR0,HR05
HRV,HR061,Međimurska županija,HR0,HR06
HRV,HR062,Varaždinska županija,HR0,HR06
HRV,HR063,Koprivničko-križevačka županija,HR0,HR06
HRV,HR064,Krapinsko-zagorska županija,HR0,HR06
HRV,HR065,Zagrebačka županija,HR0,HR06
HUN,HU120,Pest,HU1,HU12
HUN,HU231,Baranya,HU2,HU23
HUN,HU232,Somogy,HU2,HU23
HUN,HU233,Tolna,HU2,HU23
HUN,HU311,Borsod-Abaúj-Zemplén,HU3,HU31
HUN,HU312,Heves,HU3,HU31
HUN,HU313,Nógrád,HU3,HU31
HUN,HU321,Hajdú-Bihar,HU3,HU32
HUN,HU322,Jász-Nagykun-Szolnok,HU3,HU32
HUN,HU323,Szabolcs-Szatmár-Bereg,HU3,HU32
HUN,HU331,Bács-Kiskun,HU3,HU33
HUN,HU332,Békés,HU3,HU33
HUN,HU333,Csongrád-Csanád,HU3,HU33
HUN,HU211,Fejér,HU2,HU21
HUN,HU212,Komárom-Esztergom,HU2,HU21
HUN,HU213,Veszprém,HU2,HU21
HUN,HU221,Győr-Moson-Sopron,HU2,HU22
HUN,HU222,Vas,HU2,HU22
HUN,HU223,Zala,HU2,HU22
HUN,HU110,Budapest,HU1,HU11
IRL,IE042,West,IE0,IE04
IRL,IE051,Mid-West ,IE0,IE05
IRL,IE052,South-East ,IE0,IE05
IRL,IE053,South-West ,IE0,IE05
IRL,IE061,Dublin,IE0,IE06
IRL,IE062,Mid-East,IE0,IE06
IRL,IE063,Midland,IE0,IE06
IRL,IE041,Border,IE0,IE04
ISL,IS001,Höfuðborgarsvæði,IS0,IS00
ISL,IS002,Landsbyggð,IS0,IS00
ITA,ITC14,Verbano-Cusio-Ossola,ITC,ITC1
ITA,ITC15,Novara,ITC,ITC1
ITA,ITC16,Cuneo,ITC,ITC1
ITA,ITC17,Asti,ITC,ITC1
ITA,ITC18,Alessandria,ITC,ITC1
ITA,ITC20,Valle d’Aosta/Vallée d’Aoste,ITC,ITC2
ITA,ITC48,Pavia,ITC,ITC4
ITA,ITC49,Lodi,ITC,ITC4
ITA,ITC4A,Cremona,ITC,ITC4
ITA,ITC4B,Mantova,ITC,ITC4
ITA,ITF11,L’Aquila,ITF,ITF1
ITA,ITF12,Teramo,ITF,ITF1
ITA,ITF13,Pescara,ITF,ITF1
ITA,ITC4C,Milano,ITC,ITC4
ITA,ITC4D,Monza e della Brianza,ITC,ITC4
ITA,ITC31,Imperia,ITC,ITC3
ITA,ITC32,Savona,ITC,ITC3
ITA,ITC33,Genova,ITC,ITC3
ITA,ITC34,La Spezia,ITC,ITC3
ITA,ITC41,Varese,ITC,ITC4
ITA,ITC42,Como,ITC,ITC4
ITA,ITC43,Lecco,ITC,ITC4
ITA,ITC44,Sondrio,ITC,ITC4
ITA,ITC46,Bergamo,ITC,ITC4
ITA,ITC47,Brescia,ITC,ITC4
ITA,ITC11,Torino,ITC,ITC1
ITA,ITC12,Vercelli,ITC,ITC1
ITA,ITC13,Biella,ITC,ITC1
ITA,ITH33,Belluno,ITH,ITH3
ITA,ITH34,Treviso,ITH,ITH3
ITA,ITH43,Gorizia,ITH,ITH4
ITA,ITH44,Trieste,ITH,ITH4
ITA,ITH51,Piacenza,ITH,ITH5
ITA,ITF47,Bari,ITF,ITF4
ITA,ITF48,Barletta-Andria-Trani,ITF,ITF4
ITA,ITH52,Parma,ITH,ITH5
ITA,ITH53,Reggio nell’Emilia,ITH,ITH5
ITA,ITH54,Modena,ITH,ITH5
ITA,ITI43,Roma,ITI,ITI4
ITA,ITI44,Latina,ITI,ITI4
ITA,ITF51,Potenza,ITF,ITF5
ITA,ITF52,Matera,ITF,ITF5
ITA,ITH55,Bologna,ITH,ITH5
ITA,ITH56,Ferrara,ITH,ITH5
ITA,ITI45,Frosinone,ITI,ITI4
ITA,ITF61,Cosenza,ITF,ITF6
ITA,ITF62,Crotone,ITF,ITF6
ITA,ITH57,Ravenna,ITH,ITH5
ITA,ITH58,Forlì-Cesena,ITH,ITH5
ITA,ITH59,Rimini,ITH,ITH5
ITA,ITF63,Catanzaro,ITF,ITF6
ITA,ITF64,Vibo Valentia,ITF,ITF6
ITA,ITF65,Reggio Calabria,ITF,ITF6
ITA,ITI11,Massa-Carrara,ITI,ITI1
ITA,ITI12,Lucca,ITI,ITI1
ITA,ITI13,Pistoia,ITI,ITI1
ITA,ITG11,Trapani,ITG,ITG1
ITA,ITG12,Palermo,ITG,ITG1
ITA,ITI14,Firenze,ITI,ITI1
ITA,ITI15,Prato,ITI,ITI1
ITA,ITG13,Messina,ITG,ITG1
ITA,ITG14,Agrigento,ITG,ITG1
ITA,ITI16,Livorno,ITI,ITI1
ITA,ITI17,Pisa,ITI,ITI1
ITA,ITG15,Caltanissetta,ITG,ITG1
ITA,ITG16,Enna,ITG,ITG1
ITA,ITI18,Arezzo,ITI,ITI1
ITA,ITI19,Siena,ITI,ITI1
ITA,ITG17,Catania,ITG,ITG1
ITA,ITG18,Ragusa,ITG,ITG1
ITA,ITI1A,Grosseto,ITI,ITI1
ITA,ITG19,Siracusa,ITG,ITG1
ITA,ITI21,Perugia,ITI,ITI2
ITA,ITG2D,Sassari,ITG,ITG2
ITA,ITI22,Terni,ITI,ITI2
ITA,ITI31,Pesaro e Urbino,ITI,ITI3
ITA,ITG2E,Nuoro,ITG,ITG2
ITA,ITG2F,Cagliari,ITG,ITG2
ITA,ITI32,Ancona,ITI,ITI3
ITA,ITI33,Macerata,ITI,ITI3
ITA,ITI34,Ascoli Piceno,ITI,ITI3
ITA,ITI35,Fermo,ITI,ITI3
ITA,ITF14,Chieti,ITF,ITF1
ITA,ITF21,Isernia,ITF,ITF2
ITA,ITF22,Campobasso,ITF,ITF2
ITA,ITG2G,Oristano,ITG,ITG2
ITA,ITI41,Viterbo,ITI,ITI4
ITA,ITI42,Rieti,ITI,ITI4
ITA,ITF31,Caserta,ITF,ITF3
ITA,ITF32,Benevento,ITF,ITF3
ITA,ITG2H,Sud Sardegna,ITG,ITG2
ITA,ITH35,Venezia,ITH,ITH3
ITA,ITF33,Napoli,ITF,ITF3
ITA,ITF34,Avellino,ITF,ITF3
ITA,ITH10,Bolzano-Bozen,ITH,ITH1
ITA,ITH36,Padova,ITH,ITH3
ITA,ITH37,Rovigo,ITH,ITH3
ITA,ITF35,Salerno,ITF,ITF3
ITA,ITF43,Taranto,ITF,ITF4
ITA,ITH20,Trento,ITH,ITH2
ITA,ITH41,Pordenone,ITH,ITH4
ITA,ITH42,Udine,ITH,ITH4
ITA,ITF44,Brindisi,ITF,ITF4
ITA,ITF45,Lecce,ITF,ITF4
ITA,ITF46,Foggia,ITF,ITF4
ITA,ITH31,Verona,ITH,ITH3
ITA,ITH32,Vicenza,ITH,ITH3
LIE,LI000,Liechtenstein,LI0,LI00
LTU,LT011,Vilniaus apskritis,LT0,LT01
LTU,LT021,Alytaus apskritis,LT0,LT02
LTU,LT022,Kauno apskritis,LT0,LT02
LTU,LT023,Klaipėdos apskritis,LT0,LT02
LTU,LT024,Marijampolės apskritis,LT0,LT02
LTU,LT025,Panevėžio apskritis,LT0,LT02
LTU,LT026,Šiaulių apskritis,LT0,LT02
LTU,LT027,Tauragės apskritis,LT0,LT02
LTU,LT028,Telšių apskritis,LT0,LT02
LTU,LT029,Utenos apskritis,LT0,LT02
LUX,LU000,Luxembourg,LU0,LU00
LVA,LV005,Latgale,LV0,LV00
LVA,LV009,Zemgale,LV0,LV00
LVA,LV00A,Rīga,LV0,LV00
LVA,LV00B,Kurzeme,LV0,LV00
LVA,LV00C,Vidzeme,LV0,LV00
MKD,MK001,Vardarski,MK0,MK00
MKD,MK002,Istočen,MK0,MK00
MKD,MK003,Jugozapaden,MK0,MK00
MKD,MK004,Jugoistočen,MK0,MK00
MKD,MK005,Pelagoniski,MK0,MK00
MKD,MK006,Pološki,MK0,MK00
MKD,MK007,Severoistočen,MK0,MK00
MKD,MK008,Skopski,MK0,MK00
MLT,MT001,Malta,MT0,MT00
MLT,MT002,Gozo and Comino/Għawdex u Kemmuna,MT0,MT00
MNE,ME000,Crna Gora,ME0,ME00
NLD,NL416,Noordoost-Noord-Brabant,NL4,NL41
NLD,NL421,Noord-Limburg,NL4,NL42
NLD,NL422,Midden-Limburg,NL4,NL42
NLD,NL423,Zuid-Limburg,NL4,NL42
NLD,NL226,Arnhem/Nijmegen,NL2,NL22
NLD,NL230,Flevoland,NL2,NL23
NLD,NL321,Kop van Noord-Holland,NL3,NL32
NLD,NL323,IJmond,NL3,NL32
NLD,NL325,Zaanstreek,NL3,NL32
NLD,NL327,Het Gooi en Vechtstreek,NL3,NL32
NLD,NL328,Alkmaar en omgeving,NL3,NL32
NLD,NL32A,Agglomeratie Haarlem,NL3,NL32
NLD,NL32B,Groot-Amsterdam,NL3,NL32
NLD,NL341,Zeeuwsch-Vlaanderen,NL3,NL34
NLD,NL342,Overig Zeeland,NL3,NL34
NLD,NL366,Groot-Rijnmond,NL3,NL36
NLD,NL411,West-Noord-Brabant,NL4,NL41
NLD,NL414,Zuidoost-Noord-Brabant,NL4,NL41
NLD,NL415,Midden-Noord-Brabant,NL4,NL41
NLD,NL350,Utrecht,NL3,NL35
NLD,NL361,Agglomeratie ’s-Gravenhage,NL3,NL36
NLD,NL362,Delft en Westland,NL3,NL36
NLD,NL363,Agglomeratie Leiden en Bollenstreek,NL3,NL36
NLD,NL364,Zuidoost-Zuid-Holland,NL3,NL36
NLD,NL365,Oost-Zuid-Holland,NL3,NL36
NLD,NL112,Delfzijl en omgeving,NL1,NL11
NLD,NL114,Oost-Groningen,NL1,NL11
NLD,NL115,Overig Groningen,NL1,NL11
NLD,NL126,Zuidoost-Friesland,NL1,NL12
NLD,NL127,Noord-Friesland,NL1,NL12
NLD,NL128,Zuidwest-Friesland,NL1,NL12
NLD,NL131,Noord-Drenthe,NL1,NL13
NLD,NL132,Zuidoost-Drenthe,NL1,NL13
NLD,NL133,Zuidwest-Drenthe,NL1,NL13
NLD,NL211,Noord-Overijssel,NL2,NL21
NLD,NL212,Zuidwest-Overijssel,NL2,NL21
NLD,NL213,Twente,NL2,NL21
NLD,NL221,Veluwe,NL2,NL22
NLD,NL224,Zuidwest-Gelderland,NL2,NL22
NLD,NL225,Achterhoek,NL2,NL22
NOR,NO092,Agder,NO0,NO09
NOR,NO093,Vestfold,NO0,NO09
NOR,NO094,Telemark,NO0,NO09
NOR,NO081,Oslo,NO0,NO08
NOR,NO060,Trøndelag/Trööndelage,NO0,NO06
NOR,NO071,Nordland/Nordlánnda,NO0,NO07
NOR,NO072,Troms/Romsa/Tromssa,NO0,NO07
NOR,NO073,Finnmark/Finnmárku/Finmarkku,NO0,NO07
NOR,NO0A1,Rogaland,NO0,NO0A
NOR,NO083,Østfold,NO0,NO08
NOR,NO084,Akershus,NO0,NO08
NOR,NO085,Buskerud,NO0,NO08
NOR,NO020,Innlandet,NO0,NO02
NOR,NO0B1,Jan Mayen,NO0,NO0B
NOR,NO0B2,Svalbard,NO0,NO0B
NOR,NO0A2,Vestland,NO0,NO0A
NOR,NO0A3,Møre og Romsdal,NO0,NO0A
POL,PL921,Radomski,PL9,PL92
POL,PL922,Ciechanowski,PL9,PL92
POL,PL923,Płocki,PL9,PL92
POL,PL924,Ostrołęcki,PL9,PL92
POL,PL925,Siedlecki,PL9,PL92
POL,PL926,Żyrardowski,PL9,PL92
POL,PL843,Suwalski,PL8,PL84
POL,PL911,Miasto Warszawa,PL9,PL91
POL,PL912,Warszawski wschodni,PL9,PL91
POL,PL913,Warszawski zachodni,PL9,PL91
POL,PL227,Rybnicki,PL2,PL22
POL,PL228,Bytomski,PL2,PL22
POL,PL229,Gliwicki,PL2,PL22
POL,PL22A,Katowicki,PL2,PL22
POL,PL416,Kaliski,PL4,PL41
POL,PL721,Kielecki,PL7,PL72
POL,PL417,Leszczyński,PL4,PL41
POL,PL523,Nyski,PL5,PL52
POL,PL722,Sandomiersko-jędrzejowski,PL7,PL72
POL,PL418,Poznański,PL4,PL41
POL,PL424,Miasto Szczecin,PL4,PL42
POL,PL524,Opolski,PL5,PL52
POL,PL811,Bialski,PL8,PL81
POL,PL426,Koszaliński,PL4,PL42
POL,PL613,Bydgosko-toruński,PL6,PL61
POL,PL616,Grudziądzki,PL6,PL61
POL,PL823,Rzeszowski,PL8,PL82
POL,PL617,Inowrocławski,PL6,PL61
POL,PL618,Świecki,PL6,PL61
POL,PL824,Tarnobrzeski,PL8,PL82
POL,PL427,Szczecinecko-pyrzycki,PL4,PL42
POL,PL619,Włocławski,PL6,PL61
POL,PL842,Łomżyński,PL8,PL84
POL,PL621,Elbląski,PL6,PL62
POL,PL841,Białostocki,PL8,PL84
POL,PL428,Szczeciński,PL4,PL42
POL,PL431,Gorzowski,PL4,PL43
POL,PL622,Olsztyński,PL6,PL62
POL,PL812,Chełmsko-zamojski,PL8,PL81
POL,PL432,Zielonogórski,PL4,PL43
POL,PL514,Miasto Wrocław,PL5,PL51
POL,PL623,Ełcki,PL6,PL62
POL,PL633,Trójmiejski,PL6,PL63
POL,PL814,Lubelski,PL8,PL81
POL,PL515,Jeleniogórski,PL5,PL51
POL,PL634,Gdański,PL6,PL63
POL,PL815,Puławski,PL8,PL81
POL,PL516,Legnicko-głogowski,PL5,PL51
POL,PL636,Słupski,PL6,PL63
POL,PL637,Chojnicki,PL6,PL63
POL,PL821,Krośnieński,PL8,PL82
POL,PL822,Przemyski,PL8,PL82
POL,PL517,Wałbrzyski,PL5,PL51
POL,PL638,Starogardzki,PL6,PL63
POL,PL711,Miasto Łódź,PL7,PL71
POL,PL213,Miasto Kraków,PL2,PL21
POL,PL518,Wrocławski,PL5,PL51
POL,PL712,Łódzki,PL7,PL71
POL,PL214,Krakowski,PL2,PL21
POL,PL22B,Sosnowiecki,PL2,PL22
POL,PL22C,Tyski,PL2,PL22
POL,PL713,Piotrkowski,PL7,PL71
POL,PL217,Tarnowski,PL2,PL21
POL,PL218,Nowosądecki,PL2,PL21
POL,PL411,Pilski,PL4,PL41
POL,PL714,Sieradzki,PL7,PL71
POL,PL219,Nowotarski,PL2,PL21
POL,PL21A,Oświęcimski,PL2,PL21
POL,PL414,Koniński,PL4,PL41
POL,PL415,Miasto Poznań,PL4,PL41
POL,PL715,Skierniewicki,PL7,PL71
POL,PL224,Częstochowski,PL2,PL22
POL,PL225,Bielski,PL2,PL22
PRT,PT1C3,Alto Alentejo,PT1,PT1C
PRT,PT1C4,Alentejo Central,PT1,PT1C
PRT,PT1D1,Oeste,PT1,PT1D
PRT,PT1D2,Médio Tejo,PT1,PT1D
PRT,PT1D3,Lezíria do Tejo,PT1,PT1D
PRT,PT200,Região Autónoma dos Açores,PT2,PT20
PRT,PT300,Região Autónoma da Madeira,PT3,PT30
PRT,PT111,Alto Minho,PT1,PT11
PRT,PT112,Cávado,PT1,PT11
PRT,PT119,Ave,PT1,PT11
PRT,PT11A,Área Metropolitana do Porto,PT1,PT11
PRT,PT11B,Alto Tâmega e Barroso,PT1,PT11
PRT,PT11C,Tâmega e Sousa,PT1,PT11
PRT,PT11D,Douro,PT1,PT11
PRT,PT11E,Terras de Trás-os-Montes,PT1,PT11
PRT,PT150,Algarve,PT1,PT15
PRT,PT191,Região de Aveiro,PT1,PT19
PRT,PT192,Região de Coimbra,PT1,PT19
PRT,PT193,Região de Leiria,PT1,PT19
PRT,PT194,Viseu Dão Lafões,PT1,PT19
PRT,PT195,Beira Baixa,PT1,PT19
PRT,PT196,Beiras e Serra da Estrela,PT1,PT19
PRT,PT1A0,Grande Lisboa,PT1,PT1A
PRT,PT1B0,Península de Setúbal,PT1,PT1B
PRT,PT1C1,Alentejo Litoral,PT1,PT1C
PRT,PT1C2,Baixo Alentejo,PT1,PT1C
ROU,RO317,Teleorman,RO3,RO31
ROU,RO321,Bucureşti,RO3,RO32
ROU,RO211,Bacău,RO2,RO21
ROU,RO322,Ilfov,RO3,RO32
ROU,RO411,Dolj,RO4,RO41
ROU,RO212,Botoşani,RO2,RO21
ROU,RO412,Gorj,RO4,RO41
ROU,RO413,Mehedinţi,RO4,RO41
ROU,RO213,Iaşi,RO2,RO21
ROU,RO214,Neamţ,RO2,RO21
ROU,RO111,Bihor,RO1,RO11
ROU,RO215,Suceava,RO2,RO21
ROU,RO112,Bistriţa-Năsăud,RO1,RO11
ROU,RO216,Vaslui,RO2,RO21
ROU,RO113,Cluj,RO1,RO11
ROU,RO221,Brăila,RO2,RO22
ROU,RO222,Buzău,RO2,RO22
ROU,RO414,Olt,RO4,RO41
ROU,RO114,Maramureş,RO1,RO11
ROU,RO223,Constanţa,RO2,RO22
ROU,RO415,Vâlcea,RO4,RO41
ROU,RO115,Satu Mare,RO1,RO11
ROU,RO224,Galaţi,RO2,RO22
ROU,RO421,Arad,RO4,RO42
ROU,RO116,Sălaj,RO1,RO11
ROU,RO225,Tulcea,RO2,RO22
ROU,RO226,Vrancea,RO2,RO22
ROU,RO422,Caraş-Severin,RO4,RO42
ROU,RO121,Alba,RO1,RO12
ROU,RO311,Argeş,RO3,RO31
ROU,RO423,Hunedoara,RO4,RO42
ROU,RO122,Braşov,RO1,RO12
ROU,RO123,Covasna,RO1,RO12
ROU,RO312,Călăraşi,RO3,RO31
ROU,RO424,Timiş,RO4,RO42
ROU,RO124,Harghita,RO1,RO12
ROU,RO313,Dâmboviţa,RO3,RO31
ROU,RO125,Mureş,RO1,RO12
ROU,RO314,Giurgiu,RO3,RO31
ROU,RO126,Sibiu,RO1,RO12
ROU,RO315,Ialomiţa,RO3,RO31
ROU,RO316,Prahova,RO3,RO31
SRB,RS122,Južnobanatska oblast,RS1,RS12
SRB,RS123,Južnobačka oblast,RS1,RS12
SRB,RS124,Severnobanatska oblast,RS1,RS12
SRB,RS125,Severnobačka oblast,RS1,RS12
SRB,RS126,Srednjobanatska oblast,RS1,RS12
SRB,RS211,Zlatiborska oblast,RS2,RS21
SRB,RS212,Kolubarska oblast,RS2,RS21
SRB,RS127,Sremska oblast,RS1,RS12
SRB,RS110,City of Belgrade,RS1,RS11
SRB,RS121,Zapadnobačka oblast ,RS1,RS12
SRB,RS225,Nišavska oblast,RS2,RS22
SRB,RS226,Pirotska oblast,RS2,RS22
SRB,RS227,Podunavska oblast,RS2,RS22
SRB,RS228,Pčinjska oblast,RS2,RS22
SRB,RS229,Toplička oblast,RS2,RS22
SRB,RS213,Mačvanska oblast,RS2,RS21
SRB,RS214,Moravička oblast,RS2,RS21
SRB,RS215,Pomoravska oblast,RS2,RS21
SRB,RS216,Rasinska oblast,RS2,RS21
SRB,RS217,Raška oblast,RS2,RS21
SRB,RS218,Šumadijska oblast,RS2,RS21
SRB,RS221,Borska oblast,RS2,RS22
SRB,RS222,Braničevska oblast,RS2,RS22
SRB,RS223,Zaječarska oblast,RS2,RS22
SRB,RS224,Jablanička oblast,RS2,RS22
SVK,SK042,Košický kraj,SK0,SK04
SVK,SK010,Bratislavský kraj,SK0,SK01
SVK,SK021,Trnavský kraj,SK0,SK02
SVK,SK022,Trenčiansky kraj,SK0,SK02
SVK,SK023,Nitriansky kraj,SK0,SK02
SVK,SK031,Žilinský kraj,SK0,SK03
SVK,SK032,Banskobystrický kraj,SK0,SK03
SVK,SK041,Prešovský kraj,SK0,SK04
SVN,SI031,Pomurska,SI0,SI03
SVN,SI032,Podravska,SI0,SI03
SVN,SI033,Koroška,SI0,SI03
SVN,SI034,Savinjska,SI0,SI03
SVN,SI035,Zasavska,SI0,SI03
SVN,SI036,Posavska,SI0,SI03
SVN,SI037,Jugovzhodna Slovenija,SI0,SI03
SVN,SI038,Primorsko-notranjska,SI0,SI03
SVN,SI041,Osrednjeslovenska,SI0,SI04
SVN,SI042,Gorenjska,SI0,SI04
SVN,SI043,Goriška,SI0,SI04
SVN,SI044,Obalno-kraška,SI0,SI04
SWE,SE221,Blekinge län,SE2,SE22
SWE,SE224,Skåne län,SE2,SE22
SWE,SE231,Hallands län,SE2,SE23
SWE,SE331,Västerbottens län,SE3,SE33
SWE,SE232,Västra Götalands län,SE2,SE23
SWE,SE332,Norrbottens län,SE3,SE33
SWE,SE311,Värmlands län,SE3,SE31
SWE,SE312,Dalarnas län,SE3,SE31
SWE,SE110,Stockholms län,SE1,SE11
SWE,SE313,Gävleborgs län,SE3,SE31
SWE,SE121,Uppsala län,SE1,SE12
SWE,SE321,Västernorrlands län,SE3,SE32
SWE,SE122,Södermanlands län,SE1,SE12
SWE,SE322,Jämtlands län,SE3,SE32
SWE,SE123,Östergötlands län,SE1,SE12
SWE,SE124,Örebro län,SE1,SE12
SWE,SE125,Västmanlands län,SE1,SE12
SWE,SE213,Kalmar län,SE2,SE21
SWE,SE214,Gotlands län,SE2,SE21
SWE,SE211,Jönköpings län,SE2,SE21
SWE,SE212,Kronobergs län,SE2,SE21
TUR,TR632,Kahramanmaraş,TR6,TR63
TUR,TR633,Osmaniye,TR6,TR63
TUR,TR711,Kırıkkale,TR7,TR71
TUR,TR712,Aksaray,TR7,TR71
TUR,TR713,Niğde,TR7,TR71
TUR,TR714,Nevşehir,TR7,TR71
TUR,TR715,Kırşehir,TR7,TR71
TUR,TR721,Kayseri,TR7,TR72
TUR,TR722,Sivas,TR7,TR72
TUR,TR723,Yozgat,TR7,TR72
TUR,TR811,Zonguldak,TR8,TR81
TUR,TR812,Karabük,TR8,TR81
TUR,TR813,Bartın,TR8,TR81
TUR,TR821,Kastamonu,TR8,TR82
TUR,TR822,Çankırı,TR8,TR82
TUR,TR823,Sinop,TR8,TR82
TUR,TR831,Samsun,TR8,TR83
TUR,TR832,Tokat,TR8,TR83
TUR,TR833,Çorum,TR8,TR83
TUR,TR834,Amasya,TR8,TR83
TUR,TR901,Trabzon,TR9,TR90
TUR,TR902,Ordu,TR9,TR90
TUR,TR903,Giresun,TR9,TR90
TUR,TR904,Rize,TR9,TR90
TUR,TR905,Artvin,TR9,TR90
TUR,TR906,Gümüşhane,TR9,TR90
TUR,TRA11,Erzurum,TRA,TRA1
TUR,TRA12,Erzincan,TRA,TRA1
TUR,TRA13,Bayburt,TRA,TRA1
TUR,TRA21,Ağrı,TRA,TRA2
TUR,TRA22,Kars,TRA,TRA2
TUR,TRA23,Iğdır,TRA,TRA2
TUR,TRA24,Ardahan,TRA,TRA2
TUR,TRB11,Malatya,TRB,TRB1
TUR,TRB12,Elazığ,TRB,TRB1
TUR,TRB13,Bingöl,TRB,TRB1
TUR,TRB14,Tunceli,TRB,TRB1
TUR,TRB21,Van,TRB,TRB2
TUR,TRB22,Muş,TRB,TRB2
TUR,TRB23,Bitlis,TRB,TRB2
TUR,TRB24,Hakkari,TRB,TRB2
TUR,TRC11,Gaziantep,TRC,TRC1
TUR,TRC12,Adıyaman,TRC,TRC1
TUR,TRC13,Kilis,TRC,TRC1
TUR,TRC21,Şanlıurfa,TRC,TRC2
TUR,TRC22,Diyarbakır,TRC,TRC2
TUR,TRC31,Mardin,TRC,TRC3
TUR,TRC32,Batman,TRC,TRC3
TUR,TRC33,Şırnak,TRC,TRC3
TUR,TRC34,Siirt,TRC,TRC3
TUR,TR611,Antalya,TR6,TR61
TUR,TR612,Isparta,TR6,TR61
TUR,TR613,Burdur,TR6,TR61
TUR,TR621,Adana,TR6,TR62
TUR,TR622,Mersin,TR6,TR62
TUR,TR631,Hatay,TR6,TR63
TUR,TR100,İstanbul,TR1,TR10
TUR,TR211,Tekirdağ,TR2,TR21
TUR,TR212,Edirne,TR2,TR21
TUR,TR213,Kırklareli,TR2,TR21
TUR,TR221,Balıkesir,TR2,TR22
TUR,TR331,Manisa,TR3,TR33
TUR,TR332,Afyonkarahisar,TR3,TR33
TUR,TR333,Kütahya,TR3,TR33
TUR,TR334,Uşak,TR3,TR33
TUR,TR411,Bursa,TR4,TR41
TUR,TR412,Eskişehir,TR4,TR41
TUR,TR413,Bilecik,TR4,TR41
TUR,TR421,Kocaeli,TR4,TR42
TUR,TR422,Sakarya,TR4,TR42
TUR,TR521,Konya,TR5,TR52
TUR,TR522,Karaman,TR5,TR52
TUR,TR423,Düzce,TR4,TR42
TUR,TR424,Bolu,TR4,TR42
TUR,TR425,Yalova,TR4,TR42
TUR,TR510,Ankara,TR5,TR51
TUR,TR222,Çanakkale,TR2,TR22
TUR,TR310,İzmir,TR3,TR31
TUR,TR321,Aydın,TR3,TR32
TUR,TR322,Denizli,TR3,TR32
TUR,TR323,Muğla,TR3,TR32
